{
	"credit": "Made with Blockbench",
	"texture_size": [64, 64],
	"textures": {
		"0": "block/black_concrete_powder",
		"1": "block/orange_concrete",
		"2": "block/pink_concrete",
		"3": "block/purple_concrete",
		"4": "block/blue_concrete",
		"5": "block/blue_glazed_terracotta",
		"particle": "block/black_concrete_powder"
	},
	"elements": [
		{
			"from": [7, 2.5, 7],
			"to": [8, 3.5, 9],
			"rotation": {"angle": 0, "axis": "y", "origin": [-0.5, 3.5, -1.5]},
			"faces": {
				"north": {"uv": [0, 0, 0.25, 0.25], "texture": "#0"},
				"east": {"uv": [0, 0, 0.5, 0.25], "texture": "#0"},
				"south": {"uv": [0, 0, 0.25, 0.25], "texture": "#0"},
				"west": {"uv": [0, 0, 0.5, 0.25], "texture": "#0"},
				"up": {"uv": [0, 0, 0.25, 0.5], "texture": "#0"},
				"down": {"uv": [0, 0, 0.25, 0.5], "texture": "#0"}
			}
		},
		{
			"from": [4.5, 2.5, 7],
			"to": [5.5, 3.5, 9],
			"rotation": {"angle": 0, "axis": "y", "origin": [-0.5, 3.5, -1.5]},
			"faces": {
				"north": {"uv": [0, 0, 0.25, 0.25], "texture": "#0"},
				"east": {"uv": [0, 0, 0.5, 0.25], "texture": "#0"},
				"south": {"uv": [0, 0, 0.25, 0.25], "texture": "#0"},
				"west": {"uv": [0, 0, 0.5, 0.25], "texture": "#0"},
				"up": {"uv": [0, 0, 0.25, 0.5], "texture": "#0"},
				"down": {"uv": [0, 0, 0.25, 0.5], "texture": "#0"}
			}
		},
		{
			"from": [4, 2, 7],
			"to": [5, 3, 9],
			"rotation": {"angle": 0, "axis": "y", "origin": [-0.5, 3.5, -1.5]},
			"faces": {
				"north": {"uv": [0, 0, 0.25, 0.25], "texture": "#0"},
				"east": {"uv": [0, 0, 0.5, 0.25], "texture": "#0"},
				"south": {"uv": [0, 0, 0.25, 0.25], "texture": "#0"},
				"west": {"uv": [0, 0, 0.5, 0.25], "texture": "#0"},
				"up": {"uv": [0, 0, 0.25, 0.5], "texture": "#0"},
				"down": {"uv": [0, 0, 0.25, 0.5], "texture": "#0"}
			}
		},
		{
			"from": [3.5, 1.5, 7],
			"to": [4.5, 2.5, 9],
			"rotation": {"angle": 0, "axis": "y", "origin": [-0.5, 3.5, -1.5]},
			"faces": {
				"north": {"uv": [0, 0, 0.25, 0.25], "texture": "#0"},
				"east": {"uv": [0, 0, 0.5, 0.25], "texture": "#0"},
				"south": {"uv": [0, 0, 0.25, 0.25], "texture": "#0"},
				"west": {"uv": [0, 0, 0.5, 0.25], "texture": "#0"},
				"up": {"uv": [0, 0, 0.25, 0.5], "texture": "#0"},
				"down": {"uv": [0, 0, 0.25, 0.5], "texture": "#0"}
			}
		},
		{
			"from": [3, 1, 7],
			"to": [4, 2, 9],
			"rotation": {"angle": 0, "axis": "y", "origin": [-0.5, 3.5, -1.5]},
			"faces": {
				"north": {"uv": [0, 0, 0.25, 0.25], "texture": "#0"},
				"east": {"uv": [0, 0, 0.5, 0.25], "texture": "#0"},
				"south": {"uv": [0, 0, 0.25, 0.25], "texture": "#0"},
				"west": {"uv": [0, 0, 0.5, 0.25], "texture": "#0"},
				"up": {"uv": [0, 0, 0.25, 0.5], "texture": "#0"},
				"down": {"uv": [0, 0, 0.25, 0.5], "texture": "#0"}
			}
		},
		{
			"from": [2.5, 0.5, 7],
			"to": [8, 1.5, 9],
			"rotation": {"angle": 0, "axis": "y", "origin": [-0.5, 3.5, -1.5]},
			"faces": {
				"north": {"uv": [0, 0, 1.375, 0.25], "texture": "#0"},
				"east": {"uv": [0, 0, 0.5, 0.25], "texture": "#0"},
				"south": {"uv": [0, 0, 1.375, 0.25], "texture": "#0"},
				"west": {"uv": [0, 0, 0.5, 0.25], "texture": "#0"},
				"up": {"uv": [0, 0, 1.375, 0.5], "texture": "#0"},
				"down": {"uv": [0, 0, 1.375, 0.5], "texture": "#0"}
			}
		},
		{
			"from": [4.5, 1.5, 6.75],
			"to": [7.5, 3, 9.25],
			"rotation": {"angle": 0, "axis": "y", "origin": [-0.5, 3.5, -1.5]},
			"faces": {
				"north": {"uv": [0, 0, 0.75, 0.375], "texture": "#1"},
				"east": {"uv": [0, 0, 0.625, 0.375], "texture": "#1"},
				"south": {"uv": [0, 0, 0.75, 0.375], "texture": "#1"},
				"west": {"uv": [0, 0, 0.625, 0.375], "texture": "#1"},
				"up": {"uv": [0, 0, 0.75, 0.625], "texture": "#1"},
				"down": {"uv": [0, 0, 0.75, 0.625], "texture": "#1"}
			}
		},
		{
			"from": [5, 3, 7],
			"to": [7.5, 13.25, 9],
			"rotation": {"angle": 0, "axis": "y", "origin": [-0.5, 3.5, -1.5]},
			"faces": {
				"north": {"uv": [0, 0, 0.625, 2.5625], "texture": "#0"},
				"east": {"uv": [0, 0, 0.5, 2.5625], "texture": "#0"},
				"south": {"uv": [0, 0, 0.625, 2.5625], "texture": "#0"},
				"west": {"uv": [0, 0, 0.5, 2.5625], "texture": "#0"},
				"up": {"uv": [0, 0, 0.625, 0.5], "texture": "#0"},
				"down": {"uv": [0, 0, 0.625, 0.5], "texture": "#0"}
			}
		},
		{
			"from": [5.5, 3.75, 6.75],
			"to": [7, 13.25, 9.25],
			"rotation": {"angle": 0, "axis": "y", "origin": [-0.5, 3.5, -1.5]},
			"faces": {
				"north": {"uv": [0, 0, 0.375, 2.375], "texture": "#1"},
				"east": {"uv": [0, 0, 0.625, 2.375], "texture": "#1"},
				"south": {"uv": [0, 0, 0.375, 2.375], "texture": "#1"},
				"west": {"uv": [0, 0, 0.625, 2.375], "texture": "#1"},
				"up": {"uv": [0, 0, 0.375, 0.625], "texture": "#1"},
				"down": {"uv": [0, 0, 0.375, 0.625], "texture": "#1"}
			}
		},
		{
			"from": [6.5, 11.5, 6.775],
			"to": [8, 16.5, 9.2],
			"rotation": {"angle": 0, "axis": "y", "origin": [-0.5, 3.5, -1.5]},
			"faces": {
				"north": {"uv": [0, 0, 0.375, 1.25], "texture": "#0"},
				"east": {"uv": [0, 0, 0.375, 1.25], "texture": "#0"},
				"south": {"uv": [0, 0, 0.375, 1.25], "texture": "#0"},
				"west": {"uv": [0, 0, 0.375, 1.25], "texture": "#0"},
				"up": {"uv": [0, 0, 0.375, 1.25], "texture": "#0"},
				"down": {"uv": [0, 0, 0.375, 1.25], "texture": "#0"}
			}
		},
		{
			"from": [4.5, 11.5, 6.725],
			"to": [6, 16.65, 9.275],
			"rotation": {"angle": 0, "axis": "y", "origin": [-0.5, 3.5, -1.5]},
			"faces": {
				"north": {"uv": [0, 0, 0.375, 1.25], "texture": "#4"},
				"east": {"uv": [0, 0, 0.6375, 1.25], "texture": "#4"},
				"south": {"uv": [0, 0, 0.375, 1.25], "texture": "#4"},
				"west": {"uv": [14, 14, 15.6375, 15.25], "texture": "#4"},
				"up": {"uv": [0, 0, 0.375, 0.6375], "texture": "#4"},
				"down": {"uv": [0, 0, 0.375, 0.6375], "texture": "#4"}
			}
		},
		{
			"from": [5, 16.5, 6.75],
			"to": [6.5, 21.5, 9.25],
			"rotation": {"angle": 0, "axis": "y", "origin": [-0.5, 3.5, -1.5]},
			"faces": {
				"north": {"uv": [0, 0, 0.625, 1.25], "texture": "#5"},
				"east": {"uv": [0, 0, 0.625, 1.25], "texture": "#5"},
				"south": {"uv": [0, 0, 0.625, 1.25], "texture": "#5"},
				"west": {"uv": [0, 0, 0.625, 1.25], "texture": "#5"},
				"up": {"uv": [0, 0, 0.625, 1.25], "texture": "#5"},
				"down": {"uv": [0, 0, 0.625, 1.25], "texture": "#5"}
			}
		},
		{
			"from": [5.5, 18.75, 6.675],
			"to": [7, 23.75, 9.3],
			"rotation": {"angle": 0, "axis": "y", "origin": [-0.5, 3.5, -1.5]},
			"faces": {
				"north": {"uv": [0, 0, 0.375, 1.25], "texture": "#3"},
				"east": {"uv": [0, 0, 0.375, 1.25], "texture": "#3"},
				"south": {"uv": [0, 0, 0.375, 1.25], "texture": "#3"},
				"west": {"uv": [0, 0, 0.375, 1.25], "texture": "#3"},
				"up": {"uv": [0, 0, 0.375, 1.25], "texture": "#3"},
				"down": {"uv": [0, 0, 0.375, 1.25], "texture": "#3"}
			}
		},
		{
			"from": [4.75, 23.5, 6.5],
			"to": [7.5, 27.25, 9.5],
			"rotation": {"angle": 0, "axis": "y", "origin": [-0.5, 3.5, -1.5]},
			"faces": {
				"north": {"uv": [0, 0, 0.6875, 0.9375], "texture": "#2"},
				"east": {"uv": [0, 0, 0.75, 0.9375], "texture": "#2"},
				"south": {"uv": [0, 0, 0.6875, 0.9375], "texture": "#2"},
				"west": {"uv": [0, 0, 0.75, 0.9375], "texture": "#2"},
				"up": {"uv": [0, 0, 0.6875, 0.75], "texture": "#2"},
				"down": {"uv": [0, 0, 0.6875, 0.75], "texture": "#2"}
			}
		},
		{
			"from": [6, 25.75, 6.25],
			"to": [6.75, 26.5, 9.75],
			"rotation": {"angle": 0, "axis": "y", "origin": [-0.5, 3.5, -1.5]},
			"faces": {
				"north": {"uv": [0, 0, 0.1875, 0.1875], "texture": "#0"},
				"east": {"uv": [0, 0, 0.875, 0.1875], "texture": "#0"},
				"south": {"uv": [0, 0, 0.1875, 0.1875], "texture": "#0"},
				"west": {"uv": [0, 0, 0.875, 0.1875], "texture": "#0"},
				"up": {"uv": [0, 0, 0.1875, 0.875], "texture": "#0"},
				"down": {"uv": [0, 0, 0.1875, 0.875], "texture": "#0"}
			}
		},
		{
			"from": [5, 12, 6.6],
			"to": [5.75, 12.75, 9.425],
			"rotation": {"angle": 0, "axis": "y", "origin": [-0.5, 3.5, -1.5]},
			"faces": {
				"north": {"uv": [0, 0, 0.1875, 0.1875], "texture": "#0"},
				"east": {"uv": [0, 0, 0.70625, 0.1875], "texture": "#0"},
				"south": {"uv": [0, 0, 0.1875, 0.1875], "texture": "#0"},
				"west": {"uv": [0, 0, 0.70625, 0.1875], "texture": "#0"},
				"up": {"uv": [0, 0, 0.1875, 0.70625], "texture": "#0"},
				"down": {"uv": [0, 0, 0.1875, 0.70625], "texture": "#0"}
			}
		},
		{
			"from": [1.75, 25.075, 6.8],
			"to": [4.75, 27, 9.225],
			"rotation": {"angle": 0, "axis": "y", "origin": [-0.5, 3.5, -1.5]},
			"faces": {
				"north": {"uv": [0, 0, 0.75, 0.48125], "texture": "#0"},
				"east": {"uv": [0, 0, 0.60625, 0.48125], "texture": "#0"},
				"south": {"uv": [0, 0, 0.75, 0.48125], "texture": "#0"},
				"west": {"uv": [0, 0, 0.60625, 0.48125], "texture": "#0"},
				"up": {"uv": [0, 0, 0.75, 0.60625], "texture": "#0"},
				"down": {"uv": [0, 0, 0.75, 0.60625], "texture": "#0"}
			}
		},
		{
			"from": [6.875, 26.425, 6.75],
			"to": [10.875, 27.1, 9.25],
			"rotation": {"angle": 0, "axis": "y", "origin": [-0.5, 3.5, -1.5]},
			"faces": {
				"north": {"uv": [0, 0, 1, 0.16875], "texture": "#0"},
				"east": {"uv": [0, 0, 0.625, 0.16875], "texture": "#0"},
				"south": {"uv": [0, 0, 1, 0.16875], "texture": "#0"},
				"west": {"uv": [0, 0, 0.625, 0.16875], "texture": "#0"},
				"up": {"uv": [0, 0, 1, 0.625], "texture": "#0"},
				"down": {"uv": [0, 0, 1, 0.625], "texture": "#0"}
			}
		},
		{
			"from": [6.875, 25.675, 7],
			"to": [9.1, 26.6, 9],
			"rotation": {"angle": 0, "axis": "y", "origin": [-0.5, 3.5, -1.5]},
			"faces": {
				"north": {"uv": [0, 0, 0.55625, 0.23125], "texture": "#1"},
				"east": {"uv": [0, 0, 0.5, 0.23125], "texture": "#1"},
				"south": {"uv": [0, 0, 0.55625, 0.23125], "texture": "#1"},
				"west": {"uv": [0, 0, 0.5, 0.23125], "texture": "#1"},
				"up": {"uv": [0, 0, 0.55625, 0.5], "texture": "#1"},
				"down": {"uv": [0, 0, 0.55625, 0.5], "texture": "#1"}
			}
		},
		{
			"from": [2.75, 24.075, 6.75],
			"to": [4.75, 25, 9.25],
			"rotation": {"angle": 0, "axis": "y", "origin": [-0.5, 3.5, -1.5]},
			"faces": {
				"north": {"uv": [0, 0, 0.5, 0.23125], "texture": "#0"},
				"east": {"uv": [0, 0, 0.625, 0.23125], "texture": "#0"},
				"south": {"uv": [0, 0, 0.5, 0.23125], "texture": "#0"},
				"west": {"uv": [0, 0, 0.625, 0.23125], "texture": "#0"},
				"up": {"uv": [0, 0, 0.5, 0.625], "texture": "#0"},
				"down": {"uv": [0, 0, 0.5, 0.625], "texture": "#0"}
			}
		},
		{
			"from": [2.75, 25.075, 6.725],
			"to": [3.5, 26, 9.3],
			"rotation": {"angle": 0, "axis": "y", "origin": [-0.5, 3.5, -1.5]},
			"faces": {
				"north": {"uv": [0, 0, 0.1875, 0.23125], "texture": "#1"},
				"east": {"uv": [0, 0, 0.64375, 0.23125], "texture": "#1"},
				"south": {"uv": [0, 0, 0.1875, 0.23125], "texture": "#1"},
				"west": {"uv": [0, 0, 0.64375, 0.23125], "texture": "#1"},
				"up": {"uv": [0, 0, 0.1875, 0.64375], "texture": "#1"},
				"down": {"uv": [0, 0, 0.1875, 0.64375], "texture": "#1"}
			}
		},
		{
			"from": [3.25, 24.825, 6.725],
			"to": [5.25, 25.25, 9.3],
			"rotation": {"angle": 0, "axis": "y", "origin": [-0.5, 3.5, -1.5]},
			"faces": {
				"north": {"uv": [0, 0, 0.5, 0.10625], "texture": "#1"},
				"east": {"uv": [0, 0, 0.64375, 0.10625], "texture": "#1"},
				"south": {"uv": [0, 0, 0.5, 0.10625], "texture": "#1"},
				"west": {"uv": [0, 0, 0.64375, 0.10625], "texture": "#1"},
				"up": {"uv": [0, 0, 0.5, 0.64375], "texture": "#1"},
				"down": {"uv": [0, 0, 0.5, 0.64375], "texture": "#1"}
			}
		},
		{
			"from": [0.5, 25.825, 6.725],
			"to": [2.75, 26.25, 9.275],
			"rotation": {"angle": 0, "axis": "y", "origin": [-0.5, 3.5, -1.5]},
			"faces": {
				"north": {"uv": [0, 0, 0.5625, 0.10625], "texture": "#1"},
				"east": {"uv": [0, 0, 0.6375, 0.10625], "texture": "#1"},
				"south": {"uv": [0, 0, 0.5625, 0.10625], "texture": "#1"},
				"west": {"uv": [0, 0, 0.6375, 0.10625], "texture": "#1"},
				"up": {"uv": [0, 0, 0.5625, 0.6375], "texture": "#1"},
				"down": {"uv": [0, 0, 0.5625, 0.6375], "texture": "#1"}
			}
		},
		{
			"from": [-1.25, 26.25, 6.75],
			"to": [1.75, 27, 9.25],
			"rotation": {"angle": 0, "axis": "y", "origin": [-0.5, 3.5, -1.5]},
			"faces": {
				"north": {"uv": [0, 0, 0.75, 0.1875], "texture": "#0"},
				"east": {"uv": [0, 0, 0.625, 0.1875], "texture": "#0"},
				"south": {"uv": [0, 0, 0.75, 0.1875], "texture": "#0"},
				"west": {"uv": [0, 0, 0.625, 0.1875], "texture": "#0"},
				"up": {"uv": [0, 0, 0.75, 0.625], "texture": "#0"},
				"down": {"uv": [0, 0, 0.75, 0.625], "texture": "#0"}
			}
		},
		{
			"from": [-10.25, 24.25, 6.75],
			"to": [-5.25, 25, 9.25],
			"rotation": {"angle": -22.5, "axis": "z", "origin": [-0.5, 3.5, -1.5]},
			"faces": {
				"north": {"uv": [0, 0, 1.25, 0.1875], "texture": "#0"},
				"east": {"uv": [0, 0, 0.625, 0.1875], "texture": "#0"},
				"south": {"uv": [0, 0, 0.25, 2], "texture": "#0"},
				"west": {"uv": [0, 0, 0.625, 0.1875], "texture": "#0"},
				"up": {"uv": [0, 0, 1.25, 0.625], "texture": "#0"},
				"down": {"uv": [0, 0, 1.25, 0.625], "texture": "#0"}
			}
		},
		{
			"from": [13.75, 20.25, 6.75],
			"to": [19, 21, 9.25],
			"rotation": {"angle": 22.5, "axis": "z", "origin": [-0.5, 3.5, -1.5]},
			"faces": {
				"north": {"uv": [0, 0, 1.3125, 0.1875], "texture": "#0"},
				"east": {"uv": [0, 0, 0.625, 0.1875], "texture": "#0"},
				"south": {"uv": [0, 0, 1.3125, 0.1875], "texture": "#0"},
				"west": {"uv": [0, 0, 0.625, 0.1875], "texture": "#0"},
				"up": {"uv": [0, 0, 1.3125, 0.625], "texture": "#0"},
				"down": {"uv": [0, 0, 1.3125, 0.625], "texture": "#0"}
			}
		},
		{
			"from": [4.75, 11.5, 7],
			"to": [6.75, 16.575, 9],
			"rotation": {"angle": 0, "axis": "y", "origin": [-0.5, 3.5, -1.5]},
			"faces": {
				"north": {"uv": [0, 0, 0.5, 1.26875], "texture": "#1"},
				"east": {"uv": [0, 0, 0.5, 1.26875], "texture": "#1"},
				"south": {"uv": [0, 0, 0.5, 1.26875], "texture": "#1"},
				"west": {"uv": [0, 0, 0.5, 1.26875], "texture": "#1"},
				"up": {"uv": [0, 0, 0.5, 0.5], "texture": "#1"},
				"down": {"uv": [0, 0, 0.5, 0.5], "texture": "#1"}
			}
		},
		{
			"from": [6, 16.5, 7],
			"to": [7.5, 18.5, 9],
			"rotation": {"angle": 0, "axis": "y", "origin": [-0.5, 3.5, -1.5]},
			"faces": {
				"north": {"uv": [0, 0, 0.375, 0.5], "texture": "#1"},
				"east": {"uv": [0, 0, 0.5, 0.5], "texture": "#1"},
				"south": {"uv": [0, 0, 0.375, 0.5], "texture": "#1"},
				"west": {"uv": [0, 0, 0.5, 0.5], "texture": "#1"},
				"up": {"uv": [0, 0, 0.375, 0.5], "texture": "#1"},
				"down": {"uv": [0, 0, 0.375, 0.5], "texture": "#1"}
			}
		},
		{
			"from": [6.75, 12.75, 7.25],
			"to": [8.25, 16.25, 8.75],
			"rotation": {"angle": 0, "axis": "y", "origin": [-0.5, 3.5, -1.5]},
			"faces": {
				"north": {"uv": [0, 0, 0.375, 0.875], "texture": "#1"},
				"east": {"uv": [0, 0, 0.375, 0.875], "texture": "#1"},
				"south": {"uv": [0, 0, 0.375, 0.875], "texture": "#1"},
				"west": {"uv": [0, 0, 0.375, 0.875], "texture": "#1"},
				"up": {"uv": [0, 0, 0.375, 0.375], "texture": "#1"},
				"down": {"uv": [0, 0, 0.375, 0.375], "texture": "#1"}
			}
		},
		{
			"from": [7.5, 0.5, 7],
			"to": [8.5, 3, 9],
			"rotation": {"angle": 0, "axis": "y", "origin": [-0.5, 3.5, -1.5]},
			"faces": {
				"north": {"uv": [0, 0, 0.25, 0.625], "texture": "#0"},
				"east": {"uv": [0, 0, 0.5, 0.625], "texture": "#0"},
				"south": {"uv": [0, 0, 0.25, 0.625], "texture": "#0"},
				"west": {"uv": [0, 0, 0.5, 0.625], "texture": "#0"},
				"up": {"uv": [0, 0, 0.25, 0.5], "texture": "#0"},
				"down": {"uv": [0, 0, 0.25, 0.5], "texture": "#0"}
			}
		}
	],
	"display": {
		"thirdperson_righthand": {
			"rotation": [0, -90, 0],
			"translation": [0, -1.75, 0.75],
			"scale": [0.75, 0.75, 0.75]
		},
		"thirdperson_lefthand": {
			"rotation": [0, 90, 0],
			"translation": [0, -1.5, 0.75],
			"scale": [0.75, 0.75, 0.75]
		},
		"firstperson_righthand": {
			"rotation": [0, -90, 0],
			"translation": [4.5, -4, 0]
		},
		"firstperson_lefthand": {
			"rotation": [0, 90, 0],
			"translation": [4.5, -3.25, 0]
		},
		"ground": {
			"rotation": [29, 16, -59],
			"scale": [0.78, 0.78, 0.78]
		},
		"gui": {
			"rotation": [0, 0, -34],
			"translation": [-0.75, -3.25, 0],
			"scale": [0.51, 0.51, 0.51]
		},
		"head": {
			"rotation": [-39, -90, 0],
			"translation": [0, 8.25, -5.75]
		},
		"fixed": {
			"translation": [1.75, -4, 0],
			"scale": [0.66, 0.66, 0.66]
		}
	},
	"groups": [
		{
			"name": "group",
			"origin": [8, 8, 8],
			"color": 0,
			"children": [0, 1, 2, 3, 4, 5, 6, 7, 8, 9, 10, 11, 12, 13, 14, 15, 16, 17, 18, 19, 20, 21, 22, 23, 24, 25, 26, 27, 28, 29]
		}
	]
}