{
	"credit": "Made with Blockbench",
	"textures": {
		"2": "block/black_concrete",
		"5": "block/red_concrete",
		"particle": "block/coal_block"
	},
	"elements": [
		{
			"from": [4, 0, 8],
			"to": [5, 3, 8.75],
			"faces": {
				"north": {"uv": [3, 1, 9, 7], "texture": "#2"},
				"east": {"uv": [3, 2, 9.75, 9], "texture": "#2"},
				"south": {"uv": [4, 1, 16, 10], "texture": "#2"},
				"west": {"uv": [3, 2, 10.75, 8], "texture": "#2"},
				"up": {"uv": [3, 2, 9, 9.75], "texture": "#2"},
				"down": {"uv": [2, 4, 8, 10.75], "texture": "#2"}
			}
		},
		{
			"from": [3.75, 3, 7.75],
			"to": [5.25, 3.25, 9],
			"faces": {
				"north": {"uv": [0, 0, 8.5, 8.25], "texture": "#2"},
				"east": {"uv": [3, 4, 10.25, 12.25], "texture": "#2"},
				"south": {"uv": [4, 1, 16, 7.25], "texture": "#2"},
				"west": {"uv": [2, 3, 10.25, 11.25], "texture": "#2"},
				"up": {"uv": [0, 2, 16, 15.25], "texture": "#2"},
				"down": {"uv": [6, 5, 13.5, 12.25], "texture": "#2"}
			}
		},
		{
			"from": [5.25, 3, 7.75],
			"to": [6, 3.25, 8.25],
			"faces": {
				"north": {"uv": [2, 0.75, 14.75, 16], "texture": "#2"},
				"east": {"uv": [3, 4, 9.5, 12.25], "texture": "#2"},
				"south": {"uv": [4, 1, 15.75, 7.25], "texture": "#2"},
				"west": {"uv": [5, 3, 13.5, 15.25], "texture": "#2"},
				"up": {"uv": [4, 4.5, 13.75, 16], "texture": "#2"},
				"down": {"uv": [3, 3, 10.75, 12.5], "texture": "#2"}
			}
		},
		{
			"from": [5.25, 3, 8.5],
			"to": [6, 3.25, 9],
			"faces": {
				"north": {"uv": [3, 4, 13.75, 15.25], "texture": "#2"},
				"east": {"uv": [4, 5, 11.5, 14.25], "texture": "#2"},
				"south": {"uv": [4, 1, 15.75, 7.25], "texture": "#2"},
				"west": {"uv": [2, 0, 13.5, 14.25], "texture": "#2"},
				"up": {"uv": [2, 3.5, 15.75, 16], "texture": "#2"},
				"down": {"uv": [4, 6, 11.75, 13.5], "texture": "#2"}
			}
		},
		{
			"from": [5.5, 3, 8.25],
			"to": [6, 3.25, 8.5],
			"faces": {
				"north": {"uv": [2, 0.75, 15.5, 16], "texture": "#2"},
				"east": {"uv": [2, 2, 12.25, 14.25], "texture": "#2"},
				"south": {"uv": [4, 1, 15.5, 7.25], "texture": "#2"},
				"west": {"uv": [6, 6.75, 14.25, 16], "texture": "#2"},
				"up": {"uv": [3, 4, 10.5, 12.25], "texture": "#2"},
				"down": {"uv": [3.5, 3.75, 16, 16], "texture": "#2"}
			}
		},
		{
			"from": [4.375, 3.25, 8],
			"to": [4.6, 9.75, 8.75],
			"faces": {
				"north": {"uv": [6.42, 0, 9.585, 16], "texture": "#5"},
				"east": {"uv": [6.22, 0, 9.53, 16], "texture": "#5"},
				"south": {"uv": [6.56, 0, 9.465, 15.94], "texture": "#5"},
				"west": {"uv": [6.22, 0, 9.47, 16], "texture": "#5"},
				"up": {"uv": [0, 0, 0.225, 0.75], "texture": "#5"},
				"down": {"uv": [13.815, 13.69, 16, 15.94], "texture": "#5"}
			}
		},
		{
			"from": [4.375, 9.75, 8.25],
			"to": [4.6, 11.75, 8.5],
			"faces": {
				"north": {"uv": [0, 0.14, 1.985, 1.72], "texture": "#5"},
				"east": {"uv": [0.64, 0, 3.35, 2.88], "texture": "#5"},
				"south": {"uv": [0, 0, 1.865, 2.5], "texture": "#5"},
				"west": {"uv": [0.32, 0.14, 2.77, 2.04], "texture": "#5"},
				"up": {"uv": [0, 0, 0.225, 0.75], "texture": "#5"},
				"down": {"uv": [0.435, 0, 2.62, 2.25], "texture": "#5"}
			}
		},
		{
			"from": [4.375, 9.75, 8.5],
			"to": [4.6, 11.45, 8.55],
			"faces": {
				"north": {"uv": [0, 0.14, 1.985, 1.72], "texture": "#5"},
				"east": {"uv": [0.64, 0, 3.35, 2.88], "texture": "#5"},
				"south": {"uv": [0, 0, 1.865, 2.5], "texture": "#5"},
				"west": {"uv": [0.32, 0.14, 2.77, 2.04], "texture": "#5"},
				"up": {"uv": [0, 0, 0.225, 0.75], "texture": "#5"},
				"down": {"uv": [0.435, 0, 2.62, 2.25], "texture": "#5"}
			}
		},
		{
			"from": [4.375, 9.75, 8.55],
			"to": [4.6, 11.125, 8.6],
			"faces": {
				"north": {"uv": [0, 0.14, 1.985, 1.72], "texture": "#5"},
				"east": {"uv": [0.64, 0, 3.35, 2.88], "texture": "#5"},
				"south": {"uv": [0, 0, 1.865, 2.5], "texture": "#5"},
				"west": {"uv": [0.32, 0.14, 2.77, 2.04], "texture": "#5"},
				"up": {"uv": [0, 0, 0.225, 0.75], "texture": "#5"},
				"down": {"uv": [0.435, 0, 2.62, 2.25], "texture": "#5"}
			}
		},
		{
			"from": [4.375, 9.75, 8.6],
			"to": [4.6, 10.775, 8.65],
			"faces": {
				"north": {"uv": [0, 0.14, 1.985, 1.72], "texture": "#5"},
				"east": {"uv": [0.64, 0, 3.35, 2.88], "texture": "#5"},
				"south": {"uv": [0, 0, 1.865, 2.5], "texture": "#5"},
				"west": {"uv": [0.32, 0.14, 2.77, 2.04], "texture": "#5"},
				"up": {"uv": [0, 0, 0.225, 0.75], "texture": "#5"},
				"down": {"uv": [0.435, 0, 2.62, 2.25], "texture": "#5"}
			}
		},
		{
			"from": [4.375, 9.75, 8.65],
			"to": [4.6, 10.4, 8.7],
			"faces": {
				"north": {"uv": [0, 0.14, 1.985, 1.72], "texture": "#5"},
				"east": {"uv": [0.64, 0, 3.35, 2.88], "texture": "#5"},
				"south": {"uv": [0, 0, 1.865, 2.5], "texture": "#5"},
				"west": {"uv": [0.32, 0.14, 2.77, 2.04], "texture": "#5"},
				"up": {"uv": [0, 0, 0.225, 0.75], "texture": "#5"},
				"down": {"uv": [0.435, 0, 2.62, 2.25], "texture": "#5"}
			}
		},
		{
			"from": [4.375, 9.75, 8.7],
			"to": [4.6, 10, 8.75],
			"faces": {
				"north": {"uv": [0, 0.14, 1.985, 1.72], "texture": "#5"},
				"east": {"uv": [0.64, 0, 3.35, 2.88], "texture": "#5"},
				"south": {"uv": [0, 0, 1.865, 2.5], "texture": "#5"},
				"west": {"uv": [0.32, 0.14, 2.77, 2.04], "texture": "#5"},
				"up": {"uv": [0, 0, 0.225, 0.75], "texture": "#5"},
				"down": {"uv": [0.435, 0, 2.62, 2.25], "texture": "#5"}
			}
		},
		{
			"from": [4.375, 9.75, 8.2],
			"to": [4.6, 11.725, 8.25],
			"faces": {
				"north": {"uv": [0, 0.14, 1.985, 1.72], "texture": "#5"},
				"east": {"uv": [0.64, 0, 3.35, 2.88], "texture": "#5"},
				"south": {"uv": [0, 0, 1.865, 2.5], "texture": "#5"},
				"west": {"uv": [0.32, 0.14, 2.77, 2.04], "texture": "#5"},
				"up": {"uv": [0, 0, 0.225, 0.75], "texture": "#5"},
				"down": {"uv": [0.435, 0, 2.62, 2.25], "texture": "#5"}
			}
		},
		{
			"from": [4.375, 9.75, 8.15],
			"to": [4.6, 11.7, 8.2],
			"faces": {
				"north": {"uv": [0, 0.14, 1.985, 1.72], "texture": "#5"},
				"east": {"uv": [0.64, 0, 3.35, 2.88], "texture": "#5"},
				"south": {"uv": [0, 0, 1.865, 2.5], "texture": "#5"},
				"west": {"uv": [0.32, 0.14, 2.77, 2.04], "texture": "#5"},
				"up": {"uv": [0, 0, 0.225, 0.75], "texture": "#5"},
				"down": {"uv": [0.435, 0, 2.62, 2.25], "texture": "#5"}
			}
		},
		{
			"from": [4.375, 9.75, 8.1],
			"to": [4.6, 11.675, 8.15],
			"faces": {
				"north": {"uv": [0, 0.14, 1.985, 1.72], "texture": "#5"},
				"east": {"uv": [0.64, 0, 3.35, 2.88], "texture": "#5"},
				"south": {"uv": [0, 0, 1.865, 2.5], "texture": "#5"},
				"west": {"uv": [0.32, 0.14, 2.77, 2.04], "texture": "#5"},
				"up": {"uv": [0, 0, 0.225, 0.75], "texture": "#5"},
				"down": {"uv": [0.435, 0, 2.62, 2.25], "texture": "#5"}
			}
		},
		{
			"from": [4.375, 9.75, 8.05],
			"to": [4.6, 11.65, 8.1],
			"faces": {
				"north": {"uv": [0, 0.14, 1.985, 1.72], "texture": "#5"},
				"east": {"uv": [0.64, 0, 3.35, 2.88], "texture": "#5"},
				"south": {"uv": [0, 0, 1.865, 2.5], "texture": "#5"},
				"west": {"uv": [0.32, 0.14, 2.77, 2.04], "texture": "#5"},
				"up": {"uv": [0, 0, 0.225, 0.75], "texture": "#5"},
				"down": {"uv": [0.435, 0, 2.62, 2.25], "texture": "#5"}
			}
		},
		{
			"from": [4.375, 9.75, 8],
			"to": [4.6, 11.625, 8.05],
			"faces": {
				"north": {"uv": [0, 0.14, 1.985, 1.72], "texture": "#5"},
				"east": {"uv": [0.64, 0, 3.35, 2.88], "texture": "#5"},
				"south": {"uv": [0, 0, 1.865, 2.5], "texture": "#5"},
				"west": {"uv": [0.32, 0.14, 2.77, 2.04], "texture": "#5"},
				"up": {"uv": [0, 0, 0.225, 0.75], "texture": "#5"},
				"down": {"uv": [0.435, 0, 2.62, 2.25], "texture": "#5"}
			}
		}
	],
	"display": {
		"thirdperson_righthand": {
			"rotation": [0, -180, 0],
			"translation": [-3.5, 5, -0.25]
		},
		"thirdperson_lefthand": {
			"rotation": [0, -180, 0],
			"translation": [3.5, 5, 0]
		},
		"firstperson_righthand": {
			"rotation": [0, -180, 0],
			"translation": [-2.5, 7.75, 3]
		},
		"firstperson_lefthand": {
			"rotation": [0, -180, 0],
			"translation": [7.75, 7.25, 0]
		},
		"ground": {
			"rotation": [0, 0, 33],
			"translation": [2.5, 4.75, -0.25]
		},
		"gui": {
			"rotation": [-37, 90, 37],
			"translation": [-0.25, 3.25, 0],
			"scale": [1.3, 1.3, 1.3]
		},
		"fixed": {
			"rotation": [0, -90, 0],
			"translation": [1.25, 0, 3.5]
		}
	},
	"groups": [
		{
			"name": "groupa",
			"origin": [8, 8, 8],
			"color": 0,
			"children": [0, 1, 2, 3, 4]
		},
		{
			"name": "group",
			"origin": [8, 8, 8],
			"color": 0,
			"children": [5, 6, 7, 8, 9, 10, 11, 12, 13, 14, 15, 16]
		}
	]
}