{
	"credit": "Made with Blockbench",
	"textures": {
		"0": "block/gray_concrete",
		"1": "block/iron_block",
		"2": "block/black_concrete",
		"particle": "block/gray_concrete"
	},
	"elements": [
		{
			"from": [6.75, 1, 7.75],
			"to": [8.25, 2.5, 9.25],
			"rotation": {"angle": 0, "axis": "y", "origin": [0, -3.75, 0]},
			"faces": {
				"north": {"uv": [0, 0, 1.5, 1.5], "texture": "#1"},
				"east": {"uv": [0, 0, 1.5, 1.5], "texture": "#1"},
				"south": {"uv": [0, 0, 1.5, 1.5], "texture": "#1"},
				"west": {"uv": [0, 0, 1.5, 1.5], "texture": "#1"},
				"up": {"uv": [0, 0, 1.5, 1.5], "texture": "#1"},
				"down": {"uv": [0, 0, 1.5, 1.5], "texture": "#1"}
			}
		},
		{
			"from": [6.75, 8, 7.75],
			"to": [8.25, 9.5, 9.25],
			"rotation": {"angle": 0, "axis": "y", "origin": [0, -3.75, 0]},
			"faces": {
				"north": {"uv": [0, 0, 1.5, 1.5], "texture": "#1"},
				"east": {"uv": [0, 0, 1.5, 1.5], "texture": "#1"},
				"south": {"uv": [0, 0, 1.5, 1.5], "texture": "#1"},
				"west": {"uv": [0, 0, 1.5, 1.5], "texture": "#1"},
				"up": {"uv": [0, 0, 1.5, 1.5], "texture": "#1"},
				"down": {"uv": [0, 0, 1.5, 1.5], "texture": "#1"}
			}
		},
		{
			"from": [7, 1.25, 8],
			"to": [8, 9.25, 9],
			"rotation": {"angle": 0, "axis": "y", "origin": [0, -3.75, 0]},
			"faces": {
				"north": {"uv": [0, 0, 1, 8], "texture": "#2"},
				"east": {"uv": [0, 0, 1, 8], "texture": "#2"},
				"south": {"uv": [0, 0, 1, 8], "texture": "#2"},
				"west": {"uv": [0, 0, 1, 8], "texture": "#2"},
				"up": {"uv": [0, 0, 1, 1], "texture": "#2"},
				"down": {"uv": [0, 0, 1, 1], "texture": "#2"}
			}
		},
		{
			"from": [4, 9.4, 7.5],
			"to": [11, 10.75, 9.5],
			"rotation": {"angle": 0, "axis": "y", "origin": [0, -3.75, 0]},
			"faces": {
				"north": {"uv": [0, 0, 7, 1.35], "texture": "#1"},
				"east": {"uv": [0, 0, 2, 1.35], "texture": "#1"},
				"south": {"uv": [0, 0, 16, 8.35], "texture": "#1"},
				"west": {"uv": [0, 0, 2, 1.35], "texture": "#1"},
				"up": {"uv": [0, 0, 7, 2], "texture": "#1"},
				"down": {"uv": [0, 0, 7, 2], "texture": "#1"}
			}
		},
		{
			"from": [4.375, 9.9, 7.25],
			"to": [4.875, 10.25, 9.75],
			"rotation": {"angle": 0, "axis": "y", "origin": [0, -3.75, 0]},
			"faces": {
				"north": {"uv": [0, 0, 0.5, 0.35], "texture": "#1"},
				"east": {"uv": [0, 0, 16, 16], "texture": "#1"},
				"south": {"uv": [0, 0, 0.5, 0.35], "texture": "#1"},
				"west": {"uv": [0, 0, 2.5, 0.35], "texture": "#1"},
				"up": {"uv": [0, 0, 0.5, 2.5], "texture": "#1"},
				"down": {"uv": [0, 0, 0.5, 2.5], "texture": "#1"}
			}
		},
		{
			"from": [6.3, 9.9, 7.25],
			"to": [6.8, 10.25, 9.75],
			"rotation": {"angle": 0, "axis": "y", "origin": [0, -3.75, 0]},
			"faces": {
				"north": {"uv": [0, 0, 0.5, 0.35], "texture": "#1"},
				"east": {"uv": [0, 0, 16, 16], "texture": "#1"},
				"south": {"uv": [0, 0, 0.5, 0.35], "texture": "#1"},
				"west": {"uv": [0, 0, 2.5, 0.35], "texture": "#1"},
				"up": {"uv": [0, 0, 0.5, 2.5], "texture": "#1"},
				"down": {"uv": [0, 0, 0.5, 2.5], "texture": "#1"}
			}
		},
		{
			"from": [5.375, 9.9, 7.25],
			"to": [5.875, 10.25, 9.75],
			"rotation": {"angle": 0, "axis": "y", "origin": [0, -3.75, 0]},
			"faces": {
				"north": {"uv": [0, 0, 0.5, 0.35], "texture": "#1"},
				"east": {"uv": [0, 0, 16, 16], "texture": "#1"},
				"south": {"uv": [0, 0, 0.5, 0.35], "texture": "#1"},
				"west": {"uv": [0, 0, 2.5, 0.35], "texture": "#1"},
				"up": {"uv": [0, 0, 0.5, 2.5], "texture": "#1"},
				"down": {"uv": [0, 0, 0.5, 2.5], "texture": "#1"}
			}
		},
		{
			"from": [10, 9.9, 7.25],
			"to": [10.5, 10.25, 9.75],
			"rotation": {"angle": 0, "axis": "y", "origin": [0, -3.75, 0]},
			"faces": {
				"north": {"uv": [0, 0, 0.5, 0.35], "texture": "#1"},
				"east": {"uv": [0, 0, 16, 16], "texture": "#1"},
				"south": {"uv": [0, 0, 0.5, 0.35], "texture": "#1"},
				"west": {"uv": [0, 0, 2.5, 0.35], "texture": "#1"},
				"up": {"uv": [0, 0, 0.5, 2.5], "texture": "#1"},
				"down": {"uv": [0, 0, 0.5, 2.5], "texture": "#1"}
			}
		},
		{
			"from": [9, 9.9, 7.25],
			"to": [9.5, 10.25, 9.75],
			"rotation": {"angle": 0, "axis": "y", "origin": [0, -3.75, 0]},
			"faces": {
				"north": {"uv": [0, 0, 0.5, 0.35], "texture": "#1"},
				"east": {"uv": [0, 0, 16, 16], "texture": "#1"},
				"south": {"uv": [0, 0, 0.5, 0.35], "texture": "#1"},
				"west": {"uv": [0, 0, 2.5, 0.35], "texture": "#1"},
				"up": {"uv": [0, 0, 0.5, 2.5], "texture": "#1"},
				"down": {"uv": [0, 0, 0.5, 2.5], "texture": "#1"}
			}
		},
		{
			"from": [7.2, 9.9, 7.225],
			"to": [7.7, 10.25, 9.725],
			"rotation": {"angle": 0, "axis": "y", "origin": [0, -3.75, 0]},
			"faces": {
				"north": {"uv": [0, 0, 0.5, 0.35], "texture": "#1"},
				"east": {"uv": [0, 0, 16, 16], "texture": "#1"},
				"south": {"uv": [0, 0, 0.5, 0.35], "texture": "#1"},
				"west": {"uv": [0, 0, 2.5, 0.35], "texture": "#1"},
				"up": {"uv": [0, 0, 0.5, 2.5], "texture": "#1"},
				"down": {"uv": [0, 0, 0.5, 2.5], "texture": "#1"}
			}
		},
		{
			"from": [8.1, 9.9, 7.25],
			"to": [8.6, 10.25, 9.75],
			"rotation": {"angle": 0, "axis": "y", "origin": [0, -3.75, 0]},
			"faces": {
				"north": {"uv": [0, 0, 0.5, 0.35], "texture": "#1"},
				"east": {"uv": [0, 0, 16, 16], "texture": "#1"},
				"south": {"uv": [0, 0, 0.5, 0.35], "texture": "#1"},
				"west": {"uv": [0, 0, 2.5, 0.35], "texture": "#1"},
				"up": {"uv": [0, 0, 0.5, 2.5], "texture": "#1"},
				"down": {"uv": [0, 0, 0.5, 2.5], "texture": "#1"}
			}
		},
		{
			"from": [6.46967, 10.36967, 7.75],
			"to": [10.21967, 18.96967, 8.75],
			"rotation": {"angle": 0, "axis": "y", "origin": [0.21967, -4.28033, -1]},
			"faces": {
				"north": {"uv": [0, 0, 3.75, 8.6], "texture": "#0"},
				"east": {"uv": [0, 0, 1, 8.6], "texture": "#0"},
				"south": {"uv": [0, 0, 3.75, 8.6], "texture": "#0"},
				"west": {"uv": [0, 0, 1, 8.6], "texture": "#0"},
				"up": {"uv": [0, 0, 3.75, 1], "texture": "#0"},
				"down": {"uv": [0, 0, 3.75, 1], "texture": "#0"}
			}
		},
		{
			"from": [4.46967, 10.36967, 7.75],
			"to": [5.46967, 18.96967, 8.75],
			"rotation": {"angle": 0, "axis": "y", "origin": [0.21967, -4.28033, -1]},
			"faces": {
				"north": {"uv": [0, 0, 1, 8.6], "texture": "#0"},
				"east": {"uv": [0, 0, 1, 8.6], "texture": "#0"},
				"south": {"uv": [0, 0, 1, 8.6], "texture": "#0"},
				"west": {"uv": [0, 0, 1, 8.6], "texture": "#0"},
				"up": {"uv": [0, 0, 1, 1], "texture": "#0"},
				"down": {"uv": [0, 0, 1, 1], "texture": "#0"}
			}
		},
		{
			"from": [4.46967, 10.36967, 7.75],
			"to": [6.96967, 11.71967, 8.75],
			"rotation": {"angle": 0, "axis": "y", "origin": [0.21967, -4.28033, -1]},
			"faces": {
				"north": {"uv": [0, 0, 2.5, 1.35], "texture": "#0"},
				"east": {"uv": [0, 0, 1, 1.35], "texture": "#0"},
				"south": {"uv": [0, 0, 2.5, 1.35], "texture": "#0"},
				"west": {"uv": [0, 0, 1, 1.35], "texture": "#0"},
				"up": {"uv": [0, 0, 2.5, 1], "texture": "#0"},
				"down": {"uv": [0, 0, 2.5, 1], "texture": "#0"}
			}
		},
		{
			"from": [4.46967, 12.86967, 7.75],
			"to": [6.96967, 14.21967, 8.75],
			"rotation": {"angle": 0, "axis": "y", "origin": [0.21967, -4.28033, -1]},
			"faces": {
				"north": {"uv": [0, 0, 2.5, 1.35], "texture": "#0"},
				"east": {"uv": [0, 0, 1, 1.35], "texture": "#0"},
				"south": {"uv": [0, 0, 2.5, 1.35], "texture": "#0"},
				"west": {"uv": [0, 0, 1, 1.35], "texture": "#0"},
				"up": {"uv": [0, 0, 2.5, 1], "texture": "#0"},
				"down": {"uv": [0, 0, 2.5, 1], "texture": "#0"}
			}
		},
		{
			"from": [4.46967, 15.36967, 7.75],
			"to": [6.96967, 19.46967, 8.75],
			"rotation": {"angle": 0, "axis": "y", "origin": [0.21967, -4.28033, -1]},
			"faces": {
				"north": {"uv": [0, 0, 2.5, 4.1], "texture": "#0"},
				"east": {"uv": [0, 0, 1, 4.1], "texture": "#0"},
				"south": {"uv": [0, 0, 2.5, 4.1], "texture": "#0"},
				"west": {"uv": [0, 0, 1, 4.1], "texture": "#0"},
				"up": {"uv": [0, 0, 2.5, 1], "texture": "#0"},
				"down": {"uv": [0, 0, 2.5, 1], "texture": "#0"}
			}
		},
		{
			"from": [4.46967, 18.86967, 7.75],
			"to": [9.96967, 19.96967, 8.75],
			"rotation": {"angle": 0, "axis": "y", "origin": [0.21967, -4.28033, -1]},
			"faces": {
				"north": {"uv": [0, 0, 5.5, 1.1], "texture": "#0"},
				"east": {"uv": [0, 0, 1, 1.1], "texture": "#0"},
				"south": {"uv": [0, 0, 5.5, 1.1], "texture": "#0"},
				"west": {"uv": [0, 0, 1, 1.1], "texture": "#0"},
				"up": {"uv": [0, 0, 5.5, 1], "texture": "#0"},
				"down": {"uv": [0, 0, 5.5, 1], "texture": "#0"}
			}
		},
		{
			"from": [7.71967, 19.86967, 7.75],
			"to": [8.96967, 20.96967, 8.75],
			"rotation": {"angle": 0, "axis": "y", "origin": [0.21967, -4.28033, -1]},
			"faces": {
				"north": {"uv": [0, 0, 1.25, 1.1], "texture": "#0"},
				"east": {"uv": [0, 0, 1, 1.1], "texture": "#0"},
				"south": {"uv": [0, 0, 1.25, 1.1], "texture": "#0"},
				"west": {"uv": [0, 0, 1, 1.1], "texture": "#0"},
				"up": {"uv": [0, 0, 1.25, 1], "texture": "#0"},
				"down": {"uv": [0, 0, 1.25, 1], "texture": "#0"}
			}
		},
		{
			"from": [6.96967, 19.86967, 7.75],
			"to": [7.96967, 21.96967, 8.75],
			"rotation": {"angle": 0, "axis": "y", "origin": [0.21967, -4.28033, -1]},
			"faces": {
				"north": {"uv": [0, 0, 1, 2.1], "texture": "#0"},
				"east": {"uv": [0, 0, 1, 2.1], "texture": "#0"},
				"south": {"uv": [0, 0, 1, 2.1], "texture": "#0"},
				"west": {"uv": [0, 0, 1, 2.1], "texture": "#0"},
				"up": {"uv": [0, 0, 1, 1], "texture": "#0"},
				"down": {"uv": [0, 0, 1, 1], "texture": "#0"}
			}
		},
		{
			"from": [4.46967, 19.86967, 7.75],
			"to": [6.96967, 22.96967, 8.75],
			"rotation": {"angle": 0, "axis": "y", "origin": [0.21967, -4.28033, -1]},
			"faces": {
				"north": {"uv": [0, 0, 2.5, 3.1], "texture": "#0"},
				"east": {"uv": [0, 0, 1, 3.1], "texture": "#0"},
				"south": {"uv": [0, 0, 2.5, 3.1], "texture": "#0"},
				"west": {"uv": [0, 0, 1, 3.1], "texture": "#0"},
				"up": {"uv": [0, 0, 2.5, 1], "texture": "#0"},
				"down": {"uv": [0, 0, 2.5, 1], "texture": "#0"}
			}
		},
		{
			"from": [4.96967, 22.61967, 7.75],
			"to": [5.96967, 23.96967, 8.75],
			"rotation": {"angle": 0, "axis": "y", "origin": [0.21967, -4.28033, -1]},
			"faces": {
				"north": {"uv": [0, 0, 1, 1.35], "texture": "#0"},
				"east": {"uv": [0, 0, 1, 1.35], "texture": "#0"},
				"south": {"uv": [0, 0, 1, 1.35], "texture": "#0"},
				"west": {"uv": [0, 0, 1, 1.35], "texture": "#0"},
				"up": {"uv": [0, 0, 1, 1], "texture": "#0"},
				"down": {"uv": [0, 0, 1, 1], "texture": "#0"}
			}
		},
		{
			"from": [4.46967, 21.36967, 7.75],
			"to": [4.96967, 24.46967, 8.75],
			"rotation": {"angle": 0, "axis": "y", "origin": [0.21967, -4.28033, -1]},
			"faces": {
				"north": {"uv": [0, 0, 0.5, 3.1], "texture": "#0"},
				"east": {"uv": [0, 0, 1, 3.1], "texture": "#0"},
				"south": {"uv": [0, 0, 0.5, 3.1], "texture": "#0"},
				"west": {"uv": [0, 0, 1, 3.1], "texture": "#0"},
				"up": {"uv": [0, 0, 0.5, 1], "texture": "#0"},
				"down": {"uv": [0, 0, 0.5, 1], "texture": "#0"}
			}
		},
		{
			"name": "ostrze",
			"from": [4.46967, 24.36967, 7.7],
			"to": [4.99467, 24.94467, 8.8],
			"rotation": {"angle": 0, "axis": "y", "origin": [0.21967, -4.28033, -1]},
			"faces": {
				"north": {"uv": [0, 0, 0.525, 0.575], "texture": "#1"},
				"east": {"uv": [0, 0, 14.1, 5.575], "texture": "#1"},
				"south": {"uv": [0, 0, 0.525, 0.575], "texture": "#1"},
				"west": {"uv": [0, 0, 1.1, 0.575], "texture": "#1"},
				"up": {"uv": [0, 0, 0.525, 1.1], "texture": "#1"},
				"down": {"uv": [0, 0, 0.525, 1.1], "texture": "#1"}
			}
		},
		{
			"name": "ostrze",
			"from": [31.25, 8.26932, 7.7],
			"to": [32, 16.36932, 8.8],
			"rotation": {"angle": 45, "axis": "z", "origin": [8.14679, -11.95568, -0.25]},
			"faces": {
				"north": {"uv": [0, 0, 0.75, 8.1], "texture": "#1"},
				"east": {"uv": [0, 0, 14.1, 13.1], "texture": "#1"},
				"south": {"uv": [0, 0, 0.75, 8.1], "texture": "#1"},
				"west": {"uv": [0, 0, 1.1, 8.1], "texture": "#1"},
				"up": {"uv": [0, 0, 0.75, 1.1], "texture": "#1"},
				"down": {"uv": [0, 0, 0.75, 1.1], "texture": "#1"}
			}
		},
		{
			"name": "ostrze",
			"from": [10, 10.65, 7.675],
			"to": [10.75, 19.25, 8.8],
			"rotation": {"angle": 0, "axis": "y", "origin": [0, -3.75, 0]},
			"faces": {
				"north": {"uv": [0, 0, 0.75, 8.6], "texture": "#1"},
				"east": {"uv": [0, 0, 14.125, 13.6], "texture": "#1"},
				"south": {"uv": [0, 0, 0.75, 8.6], "texture": "#1"},
				"west": {"uv": [0, 0, 1.125, 8.6], "texture": "#1"},
				"up": {"uv": [0, 0, 0.75, 1.125], "texture": "#1"},
				"down": {"uv": [0, 0, 0.75, 1.125], "texture": "#1"}
			}
		}
	],
	"display": {
		"thirdperson_righthand": {
			"rotation": [0, 90, 0],
			"translation": [-0.25, 0.75, -0.75]
		},
		"thirdperson_lefthand": {
			"rotation": [0, -90, 0],
			"translation": [-0.5, 1, -0.5]
		},
		"firstperson_righthand": {
			"rotation": [0, 90, 0],
			"translation": [0.75, 0, 0]
		},
		"firstperson_lefthand": {
			"rotation": [0, -90, 0],
			"translation": [1.75, 0, -0.5]
		},
		"ground": {
			"rotation": [-4, 51, 35]
		},
		"gui": {
			"rotation": [0, 0, -45],
			"translation": [-2, -3.5, 0],
			"scale": [0.77, 0.77, 0.77]
		},
		"head": {
			"rotation": [-47, 90, 0],
			"translation": [-0.25, 7.5, -8.75]
		},
		"fixed": {
			"rotation": [0, 0, 45],
			"translation": [2.75, -1.5, -1.5],
			"scale": [0.79, 0.79, 0.79]
		}
	},
	"groups": [
		{
			"name": "reka",
			"origin": [0, 0, 0],
			"color": 0,
			"children": [0, 1, 2, 3]
		},
		{
			"name": "group",
			"origin": [8, 8, 8],
			"color": 0,
			"children": [4, 5, 6, 7, 8, 9, 10]
		},
		{
			"name": "ostrze",
			"origin": [8, 8, 8],
			"color": 0,
			"children": [11, 12, 13, 14, 15, 16, 17, 18, 19, 20, 21]
		},
		{
			"name": "group",
			"origin": [8, 8, 8],
			"color": 0,
			"children": [22, 23, 24]
		}
	]
}