{
	"credit": "Made with Blockbench",
	"textures": {
		"0": "stp/item_skin/miecze/gltf_embedded_0",
		"particle": "stp/item_skin/miecze/gltf_embedded_0"
	},
	"elements": [
		{
			"from": [4.8, 0, 3.7],
			"to": [4.8, 6, 8.7],
			"faces": {
				"north": {"uv": [0, 0, 0, 6], "texture": "#0"},
				"east": {"uv": [12.5, 0, 16, 4.5], "texture": "#0"},
				"south": {"uv": [0, 0, 0, 6], "texture": "#0"},
				"west": {"uv": [12.5, 0, 16, 4.5], "texture": "#0"},
				"up": {"uv": [0, 0, 0, 5], "texture": "#0"},
				"down": {"uv": [0, 0, 0, 5], "texture": "#0"}
			}
		},
		{
			"from": [9.8, 0, 3.7],
			"to": [9.8, 6, 8.7],
			"rotation": {"angle": 0, "axis": "y", "origin": [5, 0, 0]},
			"faces": {
				"north": {"uv": [0, 0, 0, 6], "texture": "#0"},
				"east": {"uv": [12.5, 0, 16, 4.5], "texture": "#0"},
				"south": {"uv": [0, 0, 0, 6], "texture": "#0"},
				"west": {"uv": [16, 0, 12.5, 4.5], "texture": "#0"},
				"up": {"uv": [0, 0, 0, 5], "texture": "#0"},
				"down": {"uv": [12.5, 0, 16, 4.5], "texture": "#0"}
			}
		},
		{
			"from": [4.8, 0, 3.7],
			"to": [9.8, 6, 3.7],
			"rotation": {"angle": 0, "axis": "y", "origin": [13.5, 0, -1.1]},
			"faces": {
				"north": {"uv": [12.5, 0, 16, 4.5], "texture": "#0"},
				"east": {"uv": [12.5, 0, 16, 4.5], "texture": "#0"},
				"south": {"uv": [12.5, 0, 16, 4.5], "texture": "#0"},
				"west": {"uv": [12.5, 0, 16, 4.5], "texture": "#0"},
				"up": {"uv": [12.5, 0, 16, 4.5], "rotation": 90, "texture": "#0"},
				"down": {"uv": [12.5, 0, 16, 4.5], "rotation": 270, "texture": "#0"}
			}
		},
		{
			"from": [4.801, 0, 8.7],
			"to": [9.801, 6, 8.7],
			"rotation": {"angle": 0, "axis": "y", "origin": [7.301, 3, 8.7]},
			"faces": {
				"north": {"uv": [12.5, 0, 16, 4.5], "texture": "#0"},
				"east": {"uv": [12.5, 0, 16, 4.5], "texture": "#0"},
				"south": {"uv": [12.5, 0, 16, 4.5], "texture": "#0"},
				"west": {"uv": [12.5, 0, 16, 4.5], "texture": "#0"},
				"up": {"uv": [12.5, 0, 16, 4.5], "rotation": 270, "texture": "#0"},
				"down": {"uv": [12.5, 0, 16, 4.5], "rotation": 90, "texture": "#0"}
			}
		},
		{
			"from": [4.8, 6, 3.7],
			"to": [9.8, 6, 8.7],
			"faces": {
				"north": {"uv": [0, 0, 6, 1], "texture": "#0"},
				"east": {"uv": [0, 0, 6, 1], "texture": "#0"},
				"south": {"uv": [0, 0, 6, 1], "texture": "#0"},
				"west": {"uv": [0, 0, 6, 1], "texture": "#0"},
				"up": {"uv": [12.5, 9, 16, 12.5], "texture": "#0"},
				"down": {"uv": [12.5, 9, 16, 12.5], "texture": "#0"}
			}
		},
		{
			"from": [5.5, 5.8, 4.4],
			"to": [9.075, 9.4, 8],
			"faces": {
				"north": {"uv": [10, 0, 12.1, 3.5], "texture": "#0"},
				"east": {"uv": [10, 0, 12.1, 3.5], "texture": "#0"},
				"south": {"uv": [10, 0, 12.1, 3.5], "texture": "#0"},
				"west": {"uv": [10, 0, 12.1, 3.5], "texture": "#0"},
				"up": {"uv": [10, 4, 12.1, 6.1], "texture": "#0"},
				"down": {"uv": [12, 0, 10.1, 3.6], "texture": "#0"}
			}
		},
		{
			"from": [6.4, 9, 5.2],
			"to": [8.4, 16, 7.2],
			"faces": {
				"north": {"uv": [1.5, 6, 3, 13], "texture": "#0"},
				"east": {"uv": [0, 6, 1.5, 13], "texture": "#0"},
				"south": {"uv": [1.5, 6, 3, 13], "texture": "#0"},
				"west": {"uv": [0, 6, 1.5, 13], "texture": "#0"},
				"up": {"uv": [7.5, 2, 9.5, 4], "texture": "#0"},
				"down": {"uv": [6.5, 6, 8.5, 8], "texture": "#0"}
			}
		},
		{
			"from": [3.44302, 19.13426, 5.2],
			"to": [5.44302, 22.53426, 7.2],
			"rotation": {"angle": -22.5, "axis": "z", "origin": [-2.95698, 10.13426, 0]},
			"faces": {
				"north": {"uv": [1.5, 4.5, 3, 7.9], "texture": "#0"},
				"east": {"uv": [0, 4.5, 1.5, 7.9], "texture": "#0"},
				"south": {"uv": [1.5, 4.5, 3, 7.9], "texture": "#0"},
				"west": {"uv": [0, 4.5, 1.5, 7.9], "texture": "#0"},
				"up": {"uv": [0, 0, 2, 2], "texture": "#0"},
				"down": {"uv": [0, 0, 2, 2], "texture": "#0"}
			}
		},
		{
			"from": [7.54888, 18.37582, 5.2],
			"to": [9.54888, 25.57582, 7.2],
			"rotation": {"angle": 0, "axis": "y", "origin": [1.14888, 9.37582, 0]},
			"faces": {
				"north": {"uv": [1.5, 0, 3, 7.2], "texture": "#0"},
				"east": {"uv": [0, 0, 1.5, 7.2], "texture": "#0"},
				"south": {"uv": [1.5, 0, 3, 7.2], "texture": "#0"},
				"west": {"uv": [0, 0, 1.5, 7.2], "texture": "#0"},
				"up": {"uv": [0, 7, 2, 9], "texture": "#0"},
				"down": {"uv": [0, 0, 2, 2], "texture": "#0"}
			}
		}
	],
	"display": {
		"thirdperson_righthand": {
			"rotation": [-180, -90, 0],
			"translation": [-1.75, 10.5, 0.5]
		},
		"thirdperson_lefthand": {
			"rotation": [-180, -90, 0],
			"translation": [-1.75, 10.5, -0.25]
		},
		"firstperson_righthand": {
			"rotation": [-180, 0, 0],
			"translation": [2.75, 6.25, -0.25],
			"scale": [0.49, 0.49, 0.48]
		},
		"firstperson_lefthand": {
			"rotation": [-180, 0, 0],
			"translation": [2.25, 6.25, -0.25],
			"scale": [0.49, 0.49, 0.48]
		},
		"gui": {
			"rotation": [-180, -180, -39],
			"translation": [2.25, 3.25, 0],
			"scale": [0.81, 0.82, 0.8]
		}
	},
	"groups": [
		{
			"name": "group",
			"origin": [7.301, 3, 8.7],
			"color": 0,
			"children": [0, 1, 2, 3, 4]
		},
		{
			"name": "group",
			"origin": [0, 0, 0],
			"color": 8,
			"children": [5, 6, 7, 8]
		}
	]
}