{
	"credit": "Made with Blockbench",
	"textures": {
		"0": "block/oak_planks",
		"1": "block/iron_block",
		"particle": "block/oak_planks"
	},
	"elements": [
		{
			"from": [6.75, -6, 7.75],
			"to": [8.25, 6.75, 9.25],
			"faces": {
				"north": {"uv": [0, 0, 1.5, 12.75], "texture": "#0"},
				"east": {"uv": [0, 0, 1.5, 12.75], "texture": "#0"},
				"south": {"uv": [0, 0, 1.5, 12.75], "texture": "#0"},
				"west": {"uv": [0, 0, 1.5, 12.75], "texture": "#0"},
				"up": {"uv": [0, 0, 1.5, 1.5], "texture": "#0"},
				"down": {"uv": [0, 0, 1.5, 1.5], "texture": "#0"}
			}
		},
		{
			"from": [4.6, 8, 6.875],
			"to": [6, 9.75, 8.625],
			"rotation": {"angle": 0, "axis": "y", "origin": [0, 0, 0], "rescale": true},
			"faces": {
				"north": {"uv": [0, 0, 1.4, 1.75], "texture": "#1"},
				"east": {"uv": [0, 0, 1.75, 1.75], "texture": "#1"},
				"south": {"uv": [0, 0, 1.4, 1.75], "texture": "#1"},
				"west": {"uv": [0, 0, 1.75, 1.75], "texture": "#1"},
				"up": {"uv": [0, 0, 1.4, 1.75], "texture": "#1"},
				"down": {"uv": [0, 0, 1.4, 1.75], "texture": "#1"}
			}
		},
		{
			"from": [4.1, 7, 3.125],
			"to": [6.5, 10.75, 4.125],
			"rotation": {"angle": 0, "axis": "y", "origin": [0, 0, 0], "rescale": true},
			"faces": {
				"north": {"uv": [0, 0, 2.4, 3.75], "texture": "#1"},
				"east": {"uv": [0, 0, 1, 3.75], "texture": "#1"},
				"south": {"uv": [0, 0, 2.4, 3.75], "texture": "#1"},
				"west": {"uv": [0, 0, 1, 3.75], "texture": "#1"},
				"up": {"uv": [0, 0, 2.4, 1], "texture": "#1"},
				"down": {"uv": [0, 0, 2.4, 1], "texture": "#1"}
			}
		},
		{
			"from": [6.5352, 10.70022, 1.32263],
			"to": [8.4352, 11.70022, 3.07263],
			"rotation": {"angle": 45, "axis": "x", "origin": [-0.0148, -0.92478, -1.35237], "rescale": true},
			"faces": {
				"north": {"uv": [0, 0, 1.9, 1], "texture": "#1"},
				"east": {"uv": [0, 0, 1.75, 1], "texture": "#1"},
				"south": {"uv": [0, 0, 1.9, 1], "texture": "#1"},
				"west": {"uv": [0, 0, 1.75, 1], "texture": "#1"},
				"up": {"uv": [0, 0, 1.9, 1.75], "texture": "#1"},
				"down": {"uv": [0, 0, 1.9, 1.75], "texture": "#1"}
			}
		},
		{
			"from": [6.5102, 10.86836, 6.96794],
			"to": [8.4602, 12.61836, 8.71794],
			"rotation": {"angle": 22.5, "axis": "x", "origin": [-0.0148, -0.00664, 0.04294], "rescale": true},
			"faces": {
				"north": {"uv": [0, 0, 1.95, 1.75], "texture": "#1"},
				"east": {"uv": [0, 0, 1.75, 1.75], "texture": "#1"},
				"south": {"uv": [0, 0, 1.95, 1.75], "texture": "#1"},
				"west": {"uv": [0, 0, 1.75, 1.75], "texture": "#1"},
				"up": {"uv": [0, 0, 1.95, 1.75], "texture": "#1"},
				"down": {"uv": [0, 0, 1.95, 1.75], "texture": "#1"}
			}
		},
		{
			"from": [6.5, 6.75, 7.25],
			"to": [8.5, 9.75, 9.75],
			"faces": {
				"north": {"uv": [0, 0, 2, 3], "texture": "#1"},
				"east": {"uv": [0, 0, 2.5, 3], "texture": "#1"},
				"south": {"uv": [0, 0, 2, 3], "texture": "#1"},
				"west": {"uv": [0, 0, 2.5, 3], "texture": "#1"},
				"up": {"uv": [0, 0, 2, 2.5], "texture": "#1"},
				"down": {"uv": [0, 0, 2, 2.5], "texture": "#1"}
			}
		},
		{
			"from": [4.6, 8, 4.125],
			"to": [6, 9.75, 5.125],
			"rotation": {"angle": 0, "axis": "y", "origin": [0, 0, 0], "rescale": true},
			"faces": {
				"north": {"uv": [0, 0, 1.4, 1.75], "texture": "#1"},
				"east": {"uv": [0, 0, 1, 1.75], "texture": "#1"},
				"south": {"uv": [0, 0, 1.4, 1.75], "texture": "#1"},
				"west": {"uv": [0, 0, 1, 1.75], "texture": "#1"},
				"up": {"uv": [0, 0, 1.4, 1], "texture": "#1"},
				"down": {"uv": [0, 0, 1.4, 1], "texture": "#1"}
			}
		}
	],
	"display": {
		"thirdperson_righthand": {
			"translation": [0.5, 13.5, 0]
		},
		"thirdperson_lefthand": {
			"translation": [0, 13.5, 0]
		},
		"firstperson_righthand": {
			"translation": [1.25, 12, 0.5]
		},
		"firstperson_lefthand": {
			"translation": [1, 11.5, 0]
		},
		"ground": {
			"rotation": [0, 0, 23],
			"translation": [0, 8.25, 0]
		},
		"gui": {
			"rotation": [0, 90, 0],
			"translation": [0, 5.5, 0]
		},
		"fixed": {
			"rotation": [0, 90, 0],
			"translation": [0, 4.75, -1.25]
		}
	},
	"groups": [
		{
			"name": "group",
			"origin": [8, 8, 8],
			"color": 0,
			"children": [
				0,
				{
					"name": "group",
					"origin": [0, 0, 0],
					"color": 0,
					"children": [1, 2, 3, 4, 5, 6]
				}
			]
		}
	]
}