{
	"credit": "Made with Blockbench",
	"textures": {
		"0": "stp/item_skin/miecze/red_stained_glass",
		"1": "stp/item_skin/miecze/gray_concrete",
		"2": "stp/item_skin/miecze/black_concrete",
		"particle": "stp/item_skin/miecze/red_stained_glass"
	},
	"elements": [
		{
			"from": [0, 7.81194, -5.4677],
			"to": [0.75, 8.61194, -4.6427],
			"rotation": {"angle": -22.5, "axis": "x", "origin": [0.5, 8.51194, -4.8927]},
			"faces": {
				"north": {"uv": [0, 0, 0.75, 0.8], "rotation": 180, "texture": "#2"},
				"east": {"uv": [0, 0, 0.825, 0.8], "rotation": 180, "texture": "#2"},
				"south": {"uv": [0, 0, 0.75, 0.8], "rotation": 180, "texture": "#2"},
				"west": {"uv": [0, 0, 0.825, 0.8], "rotation": 180, "texture": "#2"},
				"up": {"uv": [0, 0, 0.75, 0.825], "texture": "#2"},
				"down": {"uv": [0, 0, 0.75, 0.825], "texture": "#2"}
			}
		},
		{
			"from": [0, 8.41568, 0.55341],
			"to": [0.75, 8.61568, 1.67841],
			"rotation": {"angle": 22.5, "axis": "x", "origin": [0.5, 8.81568, 0.72841]},
			"faces": {
				"north": {"uv": [0, 0, 1, 0.2], "rotation": 180, "texture": "#2"},
				"east": {"uv": [0, 0, 0.5, 0.2], "rotation": 180, "texture": "#2"},
				"south": {"uv": [0, 0, 1, 0.2], "rotation": 180, "texture": "#2"},
				"west": {"uv": [0, 0, 0.5, 0.2], "rotation": 180, "texture": "#2"},
				"up": {"uv": [0, 0, 1, 0.5], "texture": "#2"},
				"down": {"uv": [0, 0, 1, 0.5], "texture": "#2"}
			}
		},
		{
			"from": [0, 7.68911, 2.00131],
			"to": [0.75, 9.08911, 2.28131],
			"rotation": {"angle": 45, "axis": "x", "origin": [0.5, 8.93911, 2.20131]},
			"faces": {
				"north": {"uv": [0, 0, 1, 0.5], "rotation": 180, "texture": "#2"},
				"east": {"uv": [0, 0, 0.5, 0.2], "rotation": 90, "texture": "#2"},
				"south": {"uv": [0, 0, 1, 0.5], "texture": "#2"},
				"west": {"uv": [0, 0, 0.5, 0.2], "rotation": 270, "texture": "#2"},
				"up": {"uv": [0, 0, 1, 0.2], "texture": "#2"},
				"down": {"uv": [0, 0, 1, 0.2], "rotation": 180, "texture": "#2"}
			}
		},
		{
			"from": [0, 8.5866, 2.16595],
			"to": [0.75, 9.1866, 2.36595],
			"rotation": {"angle": 0, "axis": "y", "origin": [0.5, 8.7366, 2.16595]},
			"faces": {
				"north": {"uv": [0, 0, 1, 0.5], "rotation": 180, "texture": "#2"},
				"east": {"uv": [0, 0, 0.5, 0.2], "rotation": 270, "texture": "#2"},
				"south": {"uv": [0, 0, 1, 0.5], "texture": "#2"},
				"west": {"uv": [0, 0, 0.5, 0.2], "rotation": 90, "texture": "#2"},
				"up": {"uv": [0, 0, 1, 0.2], "rotation": 180, "texture": "#2"},
				"down": {"uv": [0, 0, 1, 0.2], "texture": "#2"}
			}
		},
		{
			"from": [0, 7.99769, 1.5442],
			"to": [0.75, 8.37269, 2.4442],
			"rotation": {"angle": -45, "axis": "x", "origin": [0.5, 8.19769, 1.6942]},
			"faces": {
				"north": {"uv": [0, 0, 1, 0.2], "rotation": 180, "texture": "#2"},
				"east": {"uv": [0, 0, 0.5, 0.2], "rotation": 180, "texture": "#2"},
				"south": {"uv": [0, 0, 1, 0.2], "rotation": 180, "texture": "#2"},
				"west": {"uv": [0, 0, 0.5, 0.2], "rotation": 180, "texture": "#2"},
				"up": {"uv": [0, 0, 1, 0.5], "texture": "#2"},
				"down": {"uv": [0, 0, 1, 0.5], "texture": "#2"}
			}
		},
		{
			"from": [0, 7.28115, 1.2228],
			"to": [0.75, 8.18115, 1.5228],
			"rotation": {"angle": 22.5, "axis": "x", "origin": [0.5, 7.43115, 1.3228]},
			"faces": {
				"north": {"uv": [0, 0, 1, 0.5], "rotation": 180, "texture": "#2"},
				"east": {"uv": [0, 0, 0.5, 0.2], "rotation": 270, "texture": "#2"},
				"south": {"uv": [0, 0, 1, 0.5], "texture": "#2"},
				"west": {"uv": [0, 0, 0.5, 0.2], "rotation": 90, "texture": "#2"},
				"up": {"uv": [0, 0, 1, 0.2], "rotation": 180, "texture": "#2"},
				"down": {"uv": [0, 0, 1, 0.2], "texture": "#2"}
			}
		},
		{
			"from": [0, 7.30409, 1.10747],
			"to": [0.75, 7.50409, 1.40747],
			"rotation": {"angle": 22.5, "axis": "x", "origin": [0.5, 7.40409, 1.25747]},
			"faces": {
				"north": {"uv": [0, 0, 1, 0.2], "texture": "#2"},
				"east": {"uv": [0, 0, 0.5, 0.2], "texture": "#2"},
				"south": {"uv": [0, 0, 1, 0.2], "texture": "#2"},
				"west": {"uv": [0, 0, 0.5, 0.2], "texture": "#2"},
				"up": {"uv": [0, 0, 1, 0.5], "texture": "#2"},
				"down": {"uv": [0, 0, 1, 0.5], "texture": "#2"}
			}
		},
		{
			"from": [0, 7.36911, 1.08062],
			"to": [0.75, 7.66911, 1.33062],
			"rotation": {"angle": 0, "axis": "y", "origin": [0.5, 6.36911, 1.18062]},
			"faces": {
				"north": {"uv": [0, 0, 1, 0.5], "rotation": 180, "texture": "#2"},
				"east": {"uv": [0, 0, 0.5, 0.2], "rotation": 270, "texture": "#2"},
				"south": {"uv": [0, 0, 1, 0.5], "texture": "#2"},
				"west": {"uv": [0, 0, 0.5, 0.2], "rotation": 90, "texture": "#2"},
				"up": {"uv": [0, 0, 1, 0.2], "rotation": 180, "texture": "#2"},
				"down": {"uv": [0, 0, 1, 0.2], "texture": "#2"}
			}
		},
		{
			"from": [0, 7.20884, 0.58907],
			"to": [0.75, 7.93384, 1.26407],
			"rotation": {"angle": 22.5, "axis": "x", "origin": [0.5, 7.30884, 1.88907]},
			"faces": {
				"north": {"uv": [0, 0, 1, 0.2], "texture": "#2"},
				"east": {"uv": [0, 0, 0.5, 0.2], "texture": "#2"},
				"south": {"uv": [0, 0, 1, 0.2], "texture": "#2"},
				"west": {"uv": [0, 0, 0.5, 0.2], "texture": "#2"},
				"up": {"uv": [0, 0, 1, 0.5], "texture": "#2"},
				"down": {"uv": [0, 0, 1, 0.5], "texture": "#2"}
			}
		},
		{
			"from": [0, 7.82842, -0.4256],
			"to": [0.75, 8.55342, -0.2256],
			"rotation": {"angle": 0, "axis": "y", "origin": [0.5, 8.54092, -0.3256]},
			"faces": {
				"north": {"uv": [0, 0, 1, 0.5], "rotation": 180, "texture": "#2"},
				"east": {"uv": [0, 0, 0.5, 0.2], "rotation": 270, "texture": "#2"},
				"south": {"uv": [0, 0, 1, 0.5], "texture": "#2"},
				"west": {"uv": [0, 0, 0.5, 0.2], "rotation": 90, "texture": "#2"},
				"up": {"uv": [0, 0, 1, 0.2], "rotation": 180, "texture": "#2"},
				"down": {"uv": [0, 0, 1, 0.2], "texture": "#2"}
			}
		},
		{
			"from": [0, 7.97388, -4.67497],
			"to": [0.75, 8.84888, -4.12497],
			"rotation": {"angle": -22.5, "axis": "x", "origin": [0.5, 8.21138, -3.73747]},
			"faces": {
				"north": {"uv": [0, 0, 1, 0.2], "rotation": 180, "texture": "#2"},
				"east": {"uv": [0, 0, 0.5, 0.2], "rotation": 180, "texture": "#2"},
				"south": {"uv": [0, 0, 1, 0.2], "rotation": 180, "texture": "#2"},
				"west": {"uv": [0, 0, 0.5, 0.2], "rotation": 180, "texture": "#2"},
				"up": {"uv": [0, 0, 1, 0.5], "texture": "#2"},
				"down": {"uv": [0, 0, 1, 0.5], "texture": "#2"}
			}
		},
		{
			"from": [0, 8.07388, -4.39997],
			"to": [0.75, 8.27388, -3.77497],
			"rotation": {"angle": -45, "axis": "x", "origin": [0.5, 8.21138, -3.73747]},
			"faces": {
				"north": {"uv": [0, 0, 1, 0.5], "rotation": 180, "texture": "#2"},
				"east": {"uv": [0, 0, 0.5, 0.2], "rotation": 270, "texture": "#2"},
				"south": {"uv": [0, 0, 1, 0.5], "texture": "#2"},
				"west": {"uv": [0, 0, 0.5, 0.2], "rotation": 90, "texture": "#2"},
				"up": {"uv": [0, 0, 1, 0.2], "rotation": 180, "texture": "#2"},
				"down": {"uv": [0, 0, 1, 0.2], "texture": "#2"}
			}
		},
		{
			"from": [0, 7.89888, -4.47497],
			"to": [0.75, 8.52388, -3.59997],
			"rotation": {"angle": 0, "axis": "y", "origin": [0.5, 8.14888, -0.28747]},
			"faces": {
				"north": {"uv": [0, 0, 1, 0.2], "texture": "#2"},
				"east": {"uv": [0, 0, 0.5, 0.2], "texture": "#2"},
				"south": {"uv": [0, 0, 1, 0.2], "texture": "#2"},
				"west": {"uv": [0, 0, 0.5, 0.2], "texture": "#2"},
				"up": {"uv": [0, 0, 1, 0.5], "texture": "#2"},
				"down": {"uv": [0, 0, 1, 0.5], "texture": "#2"}
			}
		},
		{
			"from": [0, 8.07388, -3.19997],
			"to": [0.75, 8.52388, -2.92497],
			"rotation": {"angle": 0, "axis": "y", "origin": [0.5, 8.14888, -0.28747]},
			"faces": {
				"north": {"uv": [0, 0, 1, 0.2], "texture": "#2"},
				"east": {"uv": [0, 0, 0.5, 0.2], "texture": "#2"},
				"south": {"uv": [0, 0, 1, 0.2], "texture": "#2"},
				"west": {"uv": [0, 0, 0.5, 0.2], "texture": "#2"},
				"up": {"uv": [0, 0, 1, 0.5], "texture": "#2"},
				"down": {"uv": [0, 0, 1, 0.5], "texture": "#2"}
			}
		},
		{
			"from": [0, 8.04888, -1.44997],
			"to": [0.75, 8.54888, -1.14997],
			"rotation": {"angle": 0, "axis": "y", "origin": [0.5, 8.14888, -0.28747]},
			"faces": {
				"north": {"uv": [0, 0, 1, 0.2], "texture": "#2"},
				"east": {"uv": [0, 0, 0.5, 0.2], "texture": "#2"},
				"south": {"uv": [0, 0, 1, 0.2], "texture": "#2"},
				"west": {"uv": [0, 0, 0.5, 0.2], "texture": "#2"},
				"up": {"uv": [0, 0, 1, 0.5], "texture": "#2"},
				"down": {"uv": [0, 0, 1, 0.5], "texture": "#2"}
			}
		},
		{
			"from": [0, 7.94888, -2.39997],
			"to": [0.75, 8.54888, -2.09997],
			"rotation": {"angle": 0, "axis": "y", "origin": [0.5, 8.14888, -0.28747]},
			"faces": {
				"north": {"uv": [0, 0, 1, 0.2], "texture": "#2"},
				"east": {"uv": [0, 0, 0.5, 0.2], "texture": "#2"},
				"south": {"uv": [0, 0, 1, 0.2], "texture": "#2"},
				"west": {"uv": [0, 0, 0.5, 0.2], "texture": "#2"},
				"up": {"uv": [0, 0, 1, 0.5], "texture": "#2"},
				"down": {"uv": [0, 0, 1, 0.5], "texture": "#2"}
			}
		},
		{
			"from": [0, 7.87388, -1.44997],
			"to": [0.75, 8.04888, -0.32497],
			"rotation": {"angle": 0, "axis": "y", "origin": [0.5, 8.14888, -0.28747]},
			"faces": {
				"north": {"uv": [0, 0, 1, 0.2], "texture": "#2"},
				"east": {"uv": [0, 0, 0.5, 0.2], "texture": "#2"},
				"south": {"uv": [0, 0, 1, 0.2], "texture": "#2"},
				"west": {"uv": [0, 0, 0.5, 0.2], "texture": "#2"},
				"up": {"uv": [0, 0, 1, 0.5], "texture": "#2"},
				"down": {"uv": [0, 0, 1, 0.5], "texture": "#2"}
			}
		},
		{
			"from": [0, 7.63638, -0.43747],
			"to": [0.75, 8.11138, -0.16247],
			"rotation": {"angle": 45, "axis": "x", "origin": [0.5, 8.14888, -0.28747]},
			"faces": {
				"north": {"uv": [0, 0, 1, 0.5], "rotation": 180, "texture": "#2"},
				"east": {"uv": [0, 0, 0.5, 0.2], "rotation": 90, "texture": "#2"},
				"south": {"uv": [0, 0, 1, 0.5], "texture": "#2"},
				"west": {"uv": [0, 0, 0.5, 0.2], "rotation": 270, "texture": "#2"},
				"up": {"uv": [0, 0, 1, 0.2], "texture": "#2"},
				"down": {"uv": [0, 0, 1, 0.2], "rotation": 180, "texture": "#2"}
			}
		},
		{
			"from": [0, 7.97388, -0.29997],
			"to": [0.75, 8.24888, 0.02503],
			"rotation": {"angle": 45, "axis": "x", "origin": [0.5, 8.14888, -0.28747]},
			"faces": {
				"north": {"uv": [0, 0, 1, 0.2], "texture": "#2"},
				"east": {"uv": [0, 0, 0.5, 0.2], "texture": "#2"},
				"south": {"uv": [0, 0, 1, 0.2], "texture": "#2"},
				"west": {"uv": [0, 0, 0.5, 0.2], "texture": "#2"},
				"up": {"uv": [0, 0, 1, 0.5], "texture": "#2"},
				"down": {"uv": [0, 0, 1, 0.5], "texture": "#2"}
			}
		},
		{
			"from": [0, 7.85719, -0.13721],
			"to": [0.75, 8.05719, 0.48779],
			"rotation": {"angle": 0, "axis": "y", "origin": [0.5, 7.91969, 1.10029]},
			"faces": {
				"north": {"uv": [0, 0, 1, 0.2], "texture": "#2"},
				"east": {"uv": [0, 0, 0.5, 0.2], "texture": "#2"},
				"south": {"uv": [0, 0, 1, 0.2], "texture": "#2"},
				"west": {"uv": [0, 0, 0.5, 0.2], "texture": "#2"},
				"up": {"uv": [0, 0, 1, 0.5], "texture": "#2"},
				"down": {"uv": [0, 0, 1, 0.5], "texture": "#2"}
			}
		},
		{
			"from": [0, 7.85719, 0.48779],
			"to": [0.75, 8.48219, 0.93779],
			"rotation": {"angle": 0, "axis": "y", "origin": [0.5, 7.91969, 1.10029]},
			"faces": {
				"north": {"uv": [0, 0, 1, 0.2], "texture": "#2"},
				"east": {"uv": [0, 0, 0.5, 0.2], "texture": "#2"},
				"south": {"uv": [0, 0, 1, 0.2], "texture": "#2"},
				"west": {"uv": [0, 0, 0.5, 0.2], "texture": "#2"},
				"up": {"uv": [0, 0, 1, 0.5], "texture": "#2"},
				"down": {"uv": [0, 0, 1, 0.5], "texture": "#2"}
			}
		},
		{
			"from": [0, 7.69872, -1.87371],
			"to": [0.75, 7.89872, 0.72629],
			"rotation": {"angle": 0, "axis": "y", "origin": [0.5, 7.99872, -2.07371]},
			"faces": {
				"north": {"uv": [0, 0, 1, 0.2], "texture": "#2"},
				"east": {"uv": [0, 0, 0.5, 0.2], "texture": "#2"},
				"south": {"uv": [0, 0, 1, 0.2], "texture": "#2"},
				"west": {"uv": [0, 0, 0.5, 0.2], "texture": "#2"},
				"up": {"uv": [0, 0, 1, 0.5], "texture": "#2"},
				"down": {"uv": [0, 0, 1, 0.5], "texture": "#2"}
			}
		},
		{
			"from": [0, 7.94376, -2.20562],
			"to": [0.75, 8.14376, -1.70562],
			"rotation": {"angle": 22.5, "axis": "x", "origin": [0.5, 8.24376, -2.40562]},
			"faces": {
				"north": {"uv": [0, 0, 1, 0.2], "texture": "#2"},
				"east": {"uv": [0, 0, 0.5, 0.2], "texture": "#2"},
				"south": {"uv": [0, 0, 1, 0.2], "texture": "#2"},
				"west": {"uv": [0, 0, 0.5, 0.2], "texture": "#2"},
				"up": {"uv": [0, 0, 1, 0.5], "texture": "#2"},
				"down": {"uv": [0, 0, 1, 0.5], "texture": "#2"}
			}
		},
		{
			"from": [0, 7.87484, -3.55911],
			"to": [0.75, 8.07484, -2.25911],
			"rotation": {"angle": 0, "axis": "y", "origin": [0.5, 8.17484, -3.75911]},
			"faces": {
				"north": {"uv": [0, 0, 1, 0.2], "texture": "#2"},
				"east": {"uv": [0, 0, 0.5, 0.2], "texture": "#2"},
				"south": {"uv": [0, 0, 1, 0.2], "texture": "#2"},
				"west": {"uv": [0, 0, 0.5, 0.2], "texture": "#2"},
				"up": {"uv": [0, 0, 1, 0.5], "texture": "#2"},
				"down": {"uv": [0, 0, 1, 0.5], "texture": "#2"}
			}
		},
		{
			"from": [0, 7.62218, -5.52929],
			"to": [0.75, 7.89718, -4.12929],
			"rotation": {"angle": 0, "axis": "y", "origin": [0.5, 7.92218, -5.72929]},
			"faces": {
				"north": {"uv": [0, 0, 1, 0.2], "texture": "#2"},
				"east": {"uv": [0, 0, 0.5, 0.2], "texture": "#2"},
				"south": {"uv": [0, 0, 1, 0.2], "texture": "#2"},
				"west": {"uv": [0, 0, 0.5, 0.2], "texture": "#2"},
				"up": {"uv": [0, 0, 1, 0.5], "texture": "#2"},
				"down": {"uv": [0, 0, 1, 0.5], "texture": "#2"}
			}
		},
		{
			"from": [0, 7.52281, -4.22887],
			"to": [0.75, 7.72281, -3.52887],
			"rotation": {"angle": -22.5, "axis": "x", "origin": [0.5, 7.82281, -4.42887]},
			"faces": {
				"north": {"uv": [0, 0, 1, 0.2], "texture": "#2"},
				"east": {"uv": [0, 0, 0.5, 0.2], "texture": "#2"},
				"south": {"uv": [0, 0, 1, 0.2], "texture": "#2"},
				"west": {"uv": [0, 0, 0.5, 0.2], "texture": "#2"},
				"up": {"uv": [0, 0, 1, 0.5], "texture": "#2"},
				"down": {"uv": [0, 0, 1, 0.5], "texture": "#2"}
			}
		},
		{
			"from": [0, 8.1, -5.68284],
			"to": [0.75, 8.3, -5.08284],
			"rotation": {"angle": 45, "axis": "x", "origin": [0.5, 8.4, -5.88284]},
			"faces": {
				"north": {"uv": [0, 0, 1, 0.2], "texture": "#2"},
				"east": {"uv": [0, 0, 0.5, 0.2], "texture": "#2"},
				"south": {"uv": [0, 0, 1, 0.2], "texture": "#2"},
				"west": {"uv": [0, 0, 0.5, 0.2], "texture": "#2"},
				"up": {"uv": [0, 0, 1, 0.5], "texture": "#2"},
				"down": {"uv": [0, 0, 1, 0.5], "texture": "#2"}
			}
		},
		{
			"from": [0, 8.00429, -5.94645],
			"to": [0.75, 8.62929, -5.44645],
			"rotation": {"angle": -45, "axis": "x", "origin": [0.5, 8.32929, -5.24645]},
			"faces": {
				"north": {"uv": [0, 0, 0.75, 0.625], "rotation": 180, "texture": "#2"},
				"east": {"uv": [0, 0, 0.5, 0.625], "rotation": 180, "texture": "#2"},
				"south": {"uv": [0, 0, 0.75, 0.625], "rotation": 180, "texture": "#2"},
				"west": {"uv": [0, 0, 0.5, 0.625], "rotation": 180, "texture": "#2"},
				"up": {"uv": [0, 0, 0.75, 0.5], "texture": "#2"},
				"down": {"uv": [0, 0, 0.75, 0.5], "texture": "#2"}
			}
		},
		{
			"from": [0, 8.15, -5.6],
			"to": [0.75, 8.4, -5.375],
			"faces": {
				"north": {"uv": [0, 0, 0.75, 0.25], "texture": "#2"},
				"east": {"uv": [0, 0, 0.225, 0.25], "texture": "#2"},
				"south": {"uv": [0, 0, 0.75, 0.25], "texture": "#2"},
				"west": {"uv": [0, 0, 0.225, 0.25], "texture": "#2"},
				"up": {"uv": [0, 0, 0.75, 0.225], "texture": "#2"},
				"down": {"uv": [0, 0, 0.75, 0.225], "texture": "#2"}
			}
		},
		{
			"from": [0, 8.5, -4.7],
			"to": [0.75, 8.7, 0.5],
			"faces": {
				"north": {"uv": [0, 0, 0.75, 0.2], "texture": "#2"},
				"east": {"uv": [0, 0, 5.2, 0.2], "texture": "#2"},
				"south": {"uv": [0, 0, 0.75, 0.2], "texture": "#2"},
				"west": {"uv": [0, 0, 5.2, 0.2], "texture": "#2"},
				"up": {"uv": [0, 0, 0.75, 5.2], "texture": "#2"},
				"down": {"uv": [0, 0, 0.75, 5.2], "texture": "#2"}
			}
		},
		{
			"from": [0.1, 8.21568, 1.15341],
			"to": [0.65, 8.91568, 1.97841],
			"rotation": {"angle": 0, "axis": "y", "origin": [0.5, 8.81568, 0.72841]},
			"faces": {
				"north": {"uv": [0, 0, 1, 0.2], "rotation": 180, "texture": "#1"},
				"east": {"uv": [0, 0, 0.5, 0.2], "rotation": 180, "texture": "#1"},
				"south": {"uv": [0, 0, 1, 0.2], "rotation": 180, "texture": "#1"},
				"west": {"uv": [0, 0, 0.5, 0.2], "rotation": 180, "texture": "#1"},
				"up": {"uv": [0, 0, 1, 0.5], "texture": "#1"},
				"down": {"uv": [0, 0, 1, 0.5], "texture": "#1"}
			}
		},
		{
			"from": [0.1, 7.93586, 0.42439],
			"to": [0.65, 8.73586, 1.14939],
			"rotation": {"angle": -22.5, "axis": "x", "origin": [0.5, 8.83586, 0.69939]},
			"faces": {
				"north": {"uv": [0, 0, 1, 0.2], "rotation": 180, "texture": "#1"},
				"east": {"uv": [0, 0, 0.5, 0.2], "rotation": 180, "texture": "#1"},
				"south": {"uv": [0, 0, 1, 0.2], "rotation": 180, "texture": "#1"},
				"west": {"uv": [0, 0, 0.5, 0.2], "rotation": 180, "texture": "#1"},
				"up": {"uv": [0, 0, 1, 0.5], "texture": "#1"},
				"down": {"uv": [0, 0, 1, 0.5], "texture": "#1"}
			}
		},
		{
			"from": [0.1, 8.5866, 2.26595],
			"to": [0.65, 9.0866, 2.86595],
			"rotation": {"angle": 0, "axis": "y", "origin": [0.5, 8.7366, 2.16595]},
			"faces": {
				"north": {"uv": [0, 0, 1, 0.5], "rotation": 180, "texture": "#1"},
				"east": {"uv": [0, 0, 0.5, 0.2], "rotation": 270, "texture": "#1"},
				"south": {"uv": [0, 0, 1, 0.5], "texture": "#1"},
				"west": {"uv": [0, 0, 0.5, 0.2], "rotation": 90, "texture": "#1"},
				"up": {"uv": [0, 0, 1, 0.2], "rotation": 180, "texture": "#1"},
				"down": {"uv": [0, 0, 1, 0.2], "texture": "#1"}
			}
		},
		{
			"from": [0.1, 8.31337, 2.35278],
			"to": [0.65, 9.21337, 2.75278],
			"rotation": {"angle": 45, "axis": "x", "origin": [0.5, 8.76337, 2.05278]},
			"faces": {
				"north": {"uv": [0, 0, 1, 0.5], "rotation": 180, "texture": "#1"},
				"east": {"uv": [0, 0, 0.5, 0.2], "rotation": 270, "texture": "#1"},
				"south": {"uv": [0, 0, 1, 0.5], "texture": "#1"},
				"west": {"uv": [0, 0, 0.5, 0.2], "rotation": 90, "texture": "#1"},
				"up": {"uv": [0, 0, 1, 0.2], "rotation": 180, "texture": "#1"},
				"down": {"uv": [0, 0, 1, 0.2], "texture": "#1"}
			}
		},
		{
			"from": [0.1, 7.9502, 1.82956],
			"to": [0.65, 8.2502, 2.22956],
			"rotation": {"angle": 0, "axis": "y", "origin": [0.5, 8.6502, 1.77956]},
			"faces": {
				"north": {"uv": [0, 0, 1, 0.2], "rotation": 180, "texture": "#1"},
				"east": {"uv": [0, 0, 0.5, 0.2], "rotation": 180, "texture": "#1"},
				"south": {"uv": [0, 0, 1, 0.2], "rotation": 180, "texture": "#1"},
				"west": {"uv": [0, 0, 0.5, 0.2], "rotation": 180, "texture": "#1"},
				"up": {"uv": [0, 0, 1, 0.5], "texture": "#1"},
				"down": {"uv": [0, 0, 1, 0.5], "texture": "#1"}
			}
		},
		{
			"from": [0.1, 6.8758, 1.69541],
			"to": [0.65, 8.3758, 1.89541],
			"rotation": {"angle": 22.5, "axis": "x", "origin": [0.5, 7.7258, 1.19541]},
			"faces": {
				"north": {"uv": [0, 0, 1, 0.5], "rotation": 180, "texture": "#1"},
				"east": {"uv": [0, 0, 0.5, 0.2], "rotation": 270, "texture": "#1"},
				"south": {"uv": [0, 0, 1, 0.5], "texture": "#1"},
				"west": {"uv": [0, 0, 0.5, 0.2], "rotation": 90, "texture": "#1"},
				"up": {"uv": [0, 0, 1, 0.2], "rotation": 180, "texture": "#1"},
				"down": {"uv": [0, 0, 1, 0.2], "texture": "#1"}
			}
		},
		{
			"from": [0.1, 7.3758, 1.49541],
			"to": [0.65, 8.3758, 1.69541],
			"rotation": {"angle": 22.5, "axis": "x", "origin": [0.5, 7.7258, 1.19541]},
			"faces": {
				"north": {"uv": [0, 0, 1, 0.5], "rotation": 180, "texture": "#1"},
				"east": {"uv": [0, 0, 0.5, 0.2], "rotation": 270, "texture": "#1"},
				"south": {"uv": [0, 0, 1, 0.5], "texture": "#1"},
				"west": {"uv": [0, 0, 0.5, 0.2], "rotation": 90, "texture": "#1"},
				"up": {"uv": [0, 0, 1, 0.2], "rotation": 180, "texture": "#1"},
				"down": {"uv": [0, 0, 1, 0.2], "texture": "#1"}
			}
		},
		{
			"from": [0.1, 6.74916, 1.33207],
			"to": [0.65, 7.74916, 1.53207],
			"rotation": {"angle": 0, "axis": "y", "origin": [0.5, 7.59916, 0.83207]},
			"faces": {
				"north": {"uv": [0, 0, 1, 0.5], "rotation": 180, "texture": "#1"},
				"east": {"uv": [0, 0, 0.5, 0.2], "rotation": 270, "texture": "#1"},
				"south": {"uv": [0, 0, 1, 0.5], "texture": "#1"},
				"west": {"uv": [0, 0, 0.5, 0.2], "rotation": 90, "texture": "#1"},
				"up": {"uv": [0, 0, 1, 0.2], "rotation": 180, "texture": "#1"},
				"down": {"uv": [0, 0, 1, 0.2], "texture": "#1"}
			}
		},
		{
			"from": [0.2, 8.7866, 2.86595],
			"to": [0.55, 9.0866, 22.36595],
			"rotation": {"angle": 0, "axis": "y", "origin": [0.5, 8.7366, 2.16595]},
			"faces": {
				"north": {"uv": [0, 0, 1, 0.5], "rotation": 180, "texture": "#2"},
				"east": {"uv": [0, 0, 0.5, 0.2], "rotation": 270, "texture": "#2"},
				"south": {"uv": [0, 0, 1, 0.5], "texture": "#2"},
				"west": {"uv": [0, 0, 0.5, 0.2], "rotation": 90, "texture": "#2"},
				"up": {"uv": [0, 0, 1, 0.2], "rotation": 180, "texture": "#2"},
				"down": {"uv": [0, 0, 1, 0.2], "texture": "#2"}
			}
		},
		{
			"from": [0.2, 8.4866, 2.56595],
			"to": [0.55, 8.7866, 3.76595],
			"rotation": {"angle": 0, "axis": "y", "origin": [0.5, 8.7366, 2.16595]},
			"faces": {
				"north": {"uv": [0, 0, 1, 0.5], "rotation": 180, "texture": "#2"},
				"east": {"uv": [0, 0, 0.5, 0.2], "rotation": 270, "texture": "#2"},
				"south": {"uv": [0, 0, 1, 0.5], "texture": "#2"},
				"west": {"uv": [0, 0, 0.5, 0.2], "rotation": 90, "texture": "#2"},
				"up": {"uv": [0, 0, 1, 0.2], "rotation": 180, "texture": "#2"},
				"down": {"uv": [0, 0, 1, 0.2], "texture": "#2"}
			}
		},
		{
			"from": [0.2, 7.282, 3.1578],
			"to": [0.55, 7.782, 4.0578],
			"rotation": {"angle": -45, "axis": "x", "origin": [0.5, 7.532, 2.4578]},
			"faces": {
				"north": {"uv": [0, 0, 1, 0.5], "rotation": 180, "texture": "#2"},
				"east": {"uv": [0, 0, 0.5, 0.2], "rotation": 270, "texture": "#2"},
				"south": {"uv": [0, 0, 1, 0.5], "texture": "#2"},
				"west": {"uv": [0, 0, 0.5, 0.2], "rotation": 90, "texture": "#2"},
				"up": {"uv": [0, 0, 1, 0.2], "rotation": 180, "texture": "#2"},
				"down": {"uv": [0, 0, 1, 0.2], "texture": "#2"}
			}
		},
		{
			"from": [0.2, 10.882, 3.9578],
			"to": [0.55, 11.207, 4.8578],
			"rotation": {"angle": 45, "axis": "x", "origin": [0.5, 7.532, 2.4578]},
			"faces": {
				"north": {"uv": [0, 0, 1, 0.5], "rotation": 180, "texture": "#2"},
				"east": {"uv": [0, 0, 0.5, 0.2], "rotation": 270, "texture": "#2"},
				"south": {"uv": [0, 0, 1, 0.5], "texture": "#2"},
				"west": {"uv": [0, 0, 0.5, 0.2], "rotation": 90, "texture": "#2"},
				"up": {"uv": [0, 0, 1, 0.2], "rotation": 180, "texture": "#2"},
				"down": {"uv": [0, 0, 1, 0.2], "texture": "#2"}
			}
		},
		{
			"from": [0.2, 11.007, 4.0828],
			"to": [0.55, 11.332, 4.8578],
			"rotation": {"angle": 45, "axis": "x", "origin": [0.5, 7.532, 2.4578]},
			"faces": {
				"north": {"uv": [0, 0, 1, 0.5], "rotation": 180, "texture": "#2"},
				"east": {"uv": [0, 0, 0.5, 0.2], "rotation": 270, "texture": "#2"},
				"south": {"uv": [0, 0, 1, 0.5], "texture": "#2"},
				"west": {"uv": [0, 0, 0.5, 0.2], "rotation": 90, "texture": "#2"},
				"up": {"uv": [0, 0, 1, 0.2], "rotation": 180, "texture": "#2"},
				"down": {"uv": [0, 0, 1, 0.2], "texture": "#2"}
			}
		},
		{
			"from": [0.2, 8.20375, 6.52367],
			"to": [0.55, 8.80375, 21.12367],
			"rotation": {"angle": 0, "axis": "y", "origin": [0.5, 4.85375, 5.02367]},
			"faces": {
				"north": {"uv": [0, 0, 1, 0.5], "rotation": 180, "texture": "#2"},
				"east": {"uv": [0, 0, 0.5, 0.2], "rotation": 270, "texture": "#2"},
				"south": {"uv": [0, 0, 1, 0.5], "texture": "#2"},
				"west": {"uv": [0, 0, 0.5, 0.2], "rotation": 90, "texture": "#2"},
				"up": {"uv": [0, 0, 1, 0.2], "rotation": 180, "texture": "#2"},
				"down": {"uv": [0, 0, 1, 0.2], "texture": "#2"}
			}
		},
		{
			"from": [0.2, 7.56233, 2.91742],
			"to": [0.55, 8.06233, 3.21742],
			"rotation": {"angle": 0, "axis": "y", "origin": [0.375, 7.61233, 3.06742]},
			"faces": {
				"north": {"uv": [0, 0, 1, 0.2], "texture": "#2"},
				"east": {"uv": [0, 0, 0.5, 0.2], "texture": "#2"},
				"south": {"uv": [0, 0, 1, 0.2], "texture": "#2"},
				"west": {"uv": [0, 0, 0.5, 0.2], "texture": "#2"},
				"up": {"uv": [0, 0, 1, 0.5], "texture": "#2"},
				"down": {"uv": [0, 0, 1, 0.5], "texture": "#2"}
			}
		},
		{
			"from": [0.2, 7.56233, 1.81742],
			"to": [0.55, 8.66233, 3.21742],
			"rotation": {"angle": 0, "axis": "y", "origin": [0.375, 7.71233, 3.16742]},
			"faces": {
				"north": {"uv": [0, 0, 1, 0.5], "rotation": 180, "texture": "#2"},
				"east": {"uv": [0, 0, 0.5, 0.2], "rotation": 90, "texture": "#2"},
				"south": {"uv": [0, 0, 1, 0.5], "texture": "#2"},
				"west": {"uv": [0, 0, 0.5, 0.2], "rotation": 270, "texture": "#2"},
				"up": {"uv": [0, 0, 1, 0.2], "texture": "#2"},
				"down": {"uv": [0, 0, 1, 0.2], "rotation": 180, "texture": "#2"}
			}
		},
		{
			"from": [0.2, 8.36454, 21.03201],
			"to": [0.55, 8.66454, 22.43201],
			"rotation": {"angle": -22.5, "axis": "x", "origin": [0.375, 8.51454, 21.48201]},
			"faces": {
				"north": {"uv": [0, 0, 1, 0.5], "rotation": 180, "texture": "#2"},
				"east": {"uv": [0, 0, 0.5, 0.2], "rotation": 270, "texture": "#2"},
				"south": {"uv": [0, 0, 1, 0.5], "texture": "#2"},
				"west": {"uv": [0, 0, 0.5, 0.2], "rotation": 90, "texture": "#2"},
				"up": {"uv": [0, 0, 1, 0.2], "rotation": 180, "texture": "#2"},
				"down": {"uv": [0, 0, 1, 0.2], "texture": "#2"}
			}
		},
		{
			"from": [0.2, 8.58954, 21.03201],
			"to": [0.55, 8.88954, 21.90701],
			"rotation": {"angle": -22.5, "axis": "x", "origin": [0.375, 8.51454, 21.48201]},
			"faces": {
				"north": {"uv": [0, 0, 1, 0.5], "rotation": 180, "texture": "#2"},
				"east": {"uv": [0, 0, 0.5, 0.2], "rotation": 270, "texture": "#2"},
				"south": {"uv": [0, 0, 1, 0.5], "texture": "#2"},
				"west": {"uv": [0, 0, 0.5, 0.2], "rotation": 90, "texture": "#2"},
				"up": {"uv": [0, 0, 1, 0.2], "rotation": 180, "texture": "#2"},
				"down": {"uv": [0, 0, 1, 0.2], "texture": "#2"}
			}
		},
		{
			"from": [0.3, 7.5866, 2.86595],
			"to": [0.45, 7.8866, 22.36595],
			"rotation": {"angle": 0, "axis": "y", "origin": [0.5, 8.7366, 2.16595]},
			"faces": {
				"north": {"uv": [9, 5, 10, 5.5], "rotation": 180, "texture": "#0"},
				"east": {"uv": [9, 5, 9.5, 5.2], "rotation": 270, "texture": "#0"},
				"south": {"uv": [9, 5, 10, 5.5], "texture": "#0"},
				"west": {"uv": [9, 5, 9.5, 5.2], "rotation": 90, "texture": "#0"},
				"up": {"uv": [9, 5, 10, 5.2], "rotation": 180, "texture": "#0"},
				"down": {"uv": [9, 5, 10, 5.2], "texture": "#0"}
			}
		},
		{
			"from": [0.3, 8.07643, 22.82352],
			"to": [0.45, 8.37643, 23.54852],
			"rotation": {"angle": -45, "axis": "x", "origin": [0.375, 8.22643, 23.18602]},
			"faces": {
				"north": {"uv": [9, 5, 10, 5.5], "rotation": 180, "texture": "#0"},
				"east": {"uv": [9, 5, 9.5, 5.2], "rotation": 270, "texture": "#0"},
				"south": {"uv": [9, 5, 10, 5.5], "texture": "#0"},
				"west": {"uv": [9, 5, 9.5, 5.2], "rotation": 90, "texture": "#0"},
				"up": {"uv": [9, 5, 10, 5.2], "rotation": 180, "texture": "#0"},
				"down": {"uv": [9, 5, 10, 5.2], "texture": "#0"}
			}
		},
		{
			"from": [0.3, 8.16152, 21.59628],
			"to": [0.45, 8.46152, 23.42128],
			"rotation": {"angle": -22.5, "axis": "x", "origin": [0.375, 8.31152, 23.05878]},
			"faces": {
				"north": {"uv": [9, 5, 10, 5.5], "rotation": 180, "texture": "#0"},
				"east": {"uv": [9, 5, 9.5, 5.2], "rotation": 270, "texture": "#0"},
				"south": {"uv": [9, 5, 10, 5.5], "texture": "#0"},
				"west": {"uv": [9, 5, 9.5, 5.2], "rotation": 90, "texture": "#0"},
				"up": {"uv": [9, 5, 10, 5.2], "rotation": 180, "texture": "#0"},
				"down": {"uv": [9, 5, 10, 5.2], "texture": "#0"}
			}
		},
		{
			"from": [0.3, 11.30304, 21.56703],
			"to": [0.45, 11.60304, 22.29203],
			"rotation": {"angle": -22.5, "axis": "x", "origin": [0.375, 11.45304, 31.30841]},
			"faces": {
				"north": {"uv": [9, 5, 10, 5.5], "rotation": 180, "texture": "#0"},
				"east": {"uv": [9, 5, 9.5, 5.2], "rotation": 270, "texture": "#0"},
				"south": {"uv": [9, 5, 10, 5.5], "texture": "#0"},
				"west": {"uv": [9, 5, 9.5, 5.2], "rotation": 90, "texture": "#0"},
				"up": {"uv": [9, 5, 10, 5.2], "rotation": 180, "texture": "#0"},
				"down": {"uv": [9, 5, 10, 5.2], "texture": "#0"}
			}
		},
		{
			"from": [0.325, 8.46152, 21.49628],
			"to": [0.425, 9.06152, 22.12128],
			"rotation": {"angle": -22.5, "axis": "x", "origin": [0.375, 8.31152, 23.05878]},
			"faces": {
				"north": {"uv": [0, 0, 1, 0.5], "rotation": 180, "texture": "#1"},
				"east": {"uv": [0, 0, 0.5, 0.2], "rotation": 270, "texture": "#1"},
				"south": {"uv": [0, 0, 1, 0.5], "texture": "#1"},
				"west": {"uv": [0, 0, 0.5, 0.2], "rotation": 90, "texture": "#1"},
				"up": {"uv": [0, 0, 1, 0.2], "rotation": 180, "texture": "#1"},
				"down": {"uv": [0, 0, 1, 0.2], "texture": "#1"}
			}
		},
		{
			"from": [0.325, 7.76152, 14.29628],
			"to": [0.425, 8.36152, 14.92128],
			"rotation": {"angle": 0, "axis": "y", "origin": [0.375, 8.31152, 23.05878]},
			"faces": {
				"north": {"uv": [0, 0, 1, 0.5], "rotation": 180, "texture": "#1"},
				"east": {"uv": [0, 0, 0.5, 0.2], "rotation": 270, "texture": "#1"},
				"south": {"uv": [0, 0, 1, 0.5], "texture": "#1"},
				"west": {"uv": [0, 0, 0.5, 0.2], "rotation": 90, "texture": "#1"},
				"up": {"uv": [0, 0, 1, 0.2], "rotation": 180, "texture": "#1"},
				"down": {"uv": [0, 0, 1, 0.2], "texture": "#1"}
			}
		},
		{
			"from": [0.325, 7.76152, 7.39628],
			"to": [0.425, 8.36152, 8.02128],
			"rotation": {"angle": 0, "axis": "y", "origin": [0.375, 8.31152, 23.05878]},
			"faces": {
				"north": {"uv": [0, 0, 1, 0.5], "rotation": 180, "texture": "#1"},
				"east": {"uv": [0, 0, 0.5, 0.2], "rotation": 270, "texture": "#1"},
				"south": {"uv": [0, 0, 1, 0.5], "texture": "#1"},
				"west": {"uv": [0, 0, 0.5, 0.2], "rotation": 90, "texture": "#1"},
				"up": {"uv": [0, 0, 1, 0.2], "rotation": 180, "texture": "#1"},
				"down": {"uv": [0, 0, 1, 0.2], "texture": "#1"}
			}
		}
	],
	"display": {
		"thirdperson_righthand": {
			"rotation": [-90, 0, -180],
			"translation": [-7.5, 8, -0.5]
		},
		"thirdperson_lefthand": {
			"rotation": [-90, 0, -180],
			"translation": [7.5, 8, -0.25]
		},
		"firstperson_righthand": {
			"rotation": [-90, 0, -180],
			"translation": [-1.5, 5.25, 0],
			"scale": [0.71, 0.71, 0.71]
		},
		"firstperson_lefthand": {
			"rotation": [-90, 0, -180],
			"translation": [9.75, 5.25, 0],
			"scale": [0.71, 0.71, 0.71]
		},
		"ground": {
			"translation": [8, 0, 0]
		},
		"gui": {
			"rotation": [-86, 43, 62],
			"translation": [0.75, -0.75, 0],
			"scale": [0.61, 0.6, 0.59]
		}
	},
	"groups": [
		{
			"name": "group",
			"origin": [0, 0, 0],
			"color": 0,
			"children": [0, 1, 2, 3, 4, 5, 6, 7, 8, 9, 10, 11, 12, 13, 14, 15, 16, 17, 18, 19, 20, 21, 22, 23, 24, 25, 26, 27, 28, 29]
		},
		{
			"name": "group",
			"origin": [8, 8, 8],
			"color": 1,
			"children": [30, 31]
		},
		{
			"name": "group",
			"origin": [8, 8, 8],
			"color": 2,
			"children": [32, 33, 34, 35, 36, 37]
		},
		{
			"name": "group",
			"origin": [8, 8, 8],
			"color": 8,
			"children": [38, 39, 40, 41, 42, 43, 44, 45, 46, 47]
		},
		{
			"name": "group",
			"origin": [0.5, 8.7366, 2.16595],
			"color": 3,
			"children": [48, 49, 50, 51]
		},
		{
			"name": "group",
			"origin": [8, 8, 8],
			"color": 7,
			"children": [52, 53, 54]
		}
	]
}