{
	"credit": "Made with Blockbench",
	"textures": {
		"0": "stp/item_skin/miecze/texturwdae",
		"particle": "stp/item_skin/miecze/texturwdae"
	},
	"elements": [
		{
			"from": [6.296, 6.2605, -2.876],
			"to": [10.556, 6.438, -2.224],
			"rotation": {"angle": 0, "axis": "y", "origin": [-3.36, -3.36, -3.36]},
			"faces": {
				"north": {"uv": [0, 0, 3, 0.125], "texture": "#0"},
				"east": {"uv": [0, 0, 0.6, 0.125], "texture": "#0"},
				"south": {"uv": [0, 0, 3, 0.125], "texture": "#0"},
				"west": {"uv": [0, 0, 0.6, 0.125], "texture": "#0"},
				"up": {"uv": [0, 0, 3, 0.6], "texture": "#0"},
				"down": {"uv": [0, 0, 3, 0.6], "texture": "#0"}
			}
		},
		{
			"from": [10.81868, 6.61813, -2.7695],
			"to": [10.96068, 8.10913, -2.3305],
			"rotation": {"angle": -22.5, "axis": "z", "origin": [10.32168, 6.97313, -2.65]},
			"faces": {
				"north": {"uv": [0, 0, 1.05, 0.1], "rotation": 90, "texture": "#0"},
				"east": {"uv": [0, 0, 1.05, 0.45], "rotation": 270, "texture": "#0"},
				"south": {"uv": [0, 0, 1.05, 0.1], "rotation": 270, "texture": "#0"},
				"west": {"uv": [0, 0, 1.05, 0.45], "rotation": 270, "texture": "#0"},
				"up": {"uv": [0, 0, 0.45, 0.1], "rotation": 270, "texture": "#0"},
				"down": {"uv": [0, 0, 0.45, 0.1], "rotation": 270, "texture": "#0"}
			}
		},
		{
			"from": [5.74421, 6.3847, -2.7695],
			"to": [5.88621, 7.8757, -2.3305],
			"rotation": {"angle": 22.5, "axis": "z", "origin": [5.88621, 7.3077, -2.65]},
			"faces": {
				"north": {"uv": [0, 0, 1.05, 0.1], "rotation": 90, "texture": "#0"},
				"east": {"uv": [0, 0, 1.05, 0.45], "rotation": 270, "texture": "#0"},
				"south": {"uv": [0, 0, 1.05, 0.1], "rotation": 270, "texture": "#0"},
				"west": {"uv": [0, 0, 1.05, 0.45], "rotation": 270, "texture": "#0"},
				"up": {"uv": [0, 0, 0.45, 0.1], "rotation": 270, "texture": "#0"},
				"down": {"uv": [0, 0, 0.45, 0.1], "rotation": 270, "texture": "#0"}
			}
		},
		{
			"from": [10.62363, 5.9915, -2.876],
			"to": [12.04363, 6.169, -2.224],
			"rotation": {"angle": 22.5, "axis": "z", "origin": [9.91363, 5.956, -2.65]},
			"faces": {
				"north": {"uv": [0, 0, 1, 0.125], "texture": "#0"},
				"east": {"uv": [0, 0, 0.6, 0.125], "texture": "#0"},
				"south": {"uv": [0, 0, 1, 0.125], "texture": "#0"},
				"west": {"uv": [0, 0, 0.6, 0.125], "texture": "#0"},
				"up": {"uv": [0, 0, 1, 0.6], "texture": "#0"},
				"down": {"uv": [0, 0, 1, 0.6], "texture": "#0"}
			}
		},
		{
			"from": [5.02455, 7.07832, -2.876],
			"to": [6.44455, 7.25582, -2.224],
			"rotation": {"angle": -22.5, "axis": "z", "origin": [4.31455, 7.04282, -2.65]},
			"faces": {
				"north": {"uv": [0, 0, 1, 0.125], "texture": "#0"},
				"east": {"uv": [0, 0, 0.6, 0.125], "texture": "#0"},
				"south": {"uv": [0, 0, 1, 0.125], "texture": "#0"},
				"west": {"uv": [0, 0, 0.6, 0.125], "texture": "#0"},
				"up": {"uv": [0, 0, 1, 0.6], "texture": "#0"},
				"down": {"uv": [0, 0, 1, 0.6], "texture": "#0"}
			}
		},
		{
			"name": "hexadecagon",
			"from": [10.92308, 7.77812, -2.663],
			"to": [11.34677, 7.92012, -2.437],
			"rotation": {"angle": -45, "axis": "z", "origin": [11.13493, 8.84312, -2.65]},
			"faces": {
				"north": {"uv": [0, 0, 1, 1], "texture": "#0"},
				"east": {"uv": [0, 0, 1, 1], "texture": "#0"},
				"south": {"uv": [0, 0, 1, 1], "texture": "#0"},
				"west": {"uv": [0, 0, 1, 1], "texture": "#0"},
				"up": {"uv": [0, 0, 1, 1], "texture": "#0"},
				"down": {"uv": [0, 0, 1, 1], "texture": "#0"}
			}
		},
		{
			"name": "hexadecagon",
			"from": [10.92308, 7.77812, -2.663],
			"to": [11.34677, 7.92012, -2.437],
			"rotation": {"angle": -22.5, "axis": "z", "origin": [11.13493, 8.84312, -2.65]},
			"faces": {
				"north": {"uv": [0, 0, 1, 1], "texture": "#0"},
				"east": {"uv": [0, 0, 1, 1], "texture": "#0"},
				"south": {"uv": [0, 0, 1, 1], "texture": "#0"},
				"west": {"uv": [0, 0, 1, 1], "texture": "#0"},
				"up": {"uv": [0, 0, 1, 1], "texture": "#0"},
				"down": {"uv": [0, 0, 1, 1], "texture": "#0"}
			}
		},
		{
			"name": "hexadecagon",
			"from": [10.92308, 7.77812, -2.663],
			"to": [11.34677, 7.92012, -2.437],
			"rotation": {"angle": 0, "axis": "y", "origin": [11.13493, 8.84312, -2.65]},
			"faces": {
				"north": {"uv": [0, 0, 1, 1], "texture": "#0"},
				"east": {"uv": [0, 0, 1, 1], "texture": "#0"},
				"south": {"uv": [0, 0, 1, 1], "texture": "#0"},
				"west": {"uv": [0, 0, 1, 1], "texture": "#0"},
				"up": {"uv": [0, 0, 1, 1], "texture": "#0"},
				"down": {"uv": [0, 0, 1, 1], "texture": "#0"}
			}
		},
		{
			"name": "hexadecagon",
			"from": [10.92308, 7.77812, -2.663],
			"to": [11.34677, 7.92012, -2.437],
			"rotation": {"angle": 22.5, "axis": "z", "origin": [11.13493, 8.84312, -2.65]},
			"faces": {
				"north": {"uv": [0, 0, 1, 1], "texture": "#0"},
				"east": {"uv": [0, 0, 1, 1], "texture": "#0"},
				"south": {"uv": [0, 0, 1, 1], "texture": "#0"},
				"west": {"uv": [0, 0, 1, 1], "texture": "#0"},
				"up": {"uv": [0, 0, 1, 1], "texture": "#0"},
				"down": {"uv": [0, 0, 1, 1], "texture": "#0"}
			}
		},
		{
			"name": "hexadecagon",
			"from": [10.92308, 7.77812, -2.663],
			"to": [11.34677, 7.92012, -2.437],
			"rotation": {"angle": 45, "axis": "z", "origin": [11.13493, 8.84312, -2.65]},
			"faces": {
				"north": {"uv": [0, 0, 1, 1], "texture": "#0"},
				"east": {"uv": [0, 0, 1, 1], "texture": "#0"},
				"south": {"uv": [0, 0, 1, 1], "texture": "#0"},
				"west": {"uv": [0, 0, 1, 1], "texture": "#0"},
				"up": {"uv": [0, 0, 1, 1], "texture": "#0"},
				"down": {"uv": [0, 0, 1, 1], "texture": "#0"}
			}
		},
		{
			"name": "hexadecagon",
			"from": [10.92308, 9.76612, -2.663],
			"to": [11.34677, 9.90812, -2.437],
			"rotation": {"angle": -45, "axis": "z", "origin": [11.13493, 8.84312, -2.65]},
			"faces": {
				"north": {"uv": [0, 0, 1, 1], "texture": "#0"},
				"east": {"uv": [0, 0, 1, 1], "texture": "#0"},
				"south": {"uv": [0, 0, 1, 1], "texture": "#0"},
				"west": {"uv": [0, 0, 1, 1], "texture": "#0"},
				"up": {"uv": [0, 0, 1, 1], "texture": "#0"},
				"down": {"uv": [0, 0, 1, 1], "texture": "#0"}
			}
		},
		{
			"name": "hexadecagon",
			"from": [10.92308, 9.76612, -2.663],
			"to": [11.34677, 9.90812, -2.437],
			"rotation": {"angle": -22.5, "axis": "z", "origin": [11.13493, 8.84312, -2.65]},
			"faces": {
				"north": {"uv": [0, 0, 1, 1], "texture": "#0"},
				"east": {"uv": [0, 0, 1, 1], "texture": "#0"},
				"south": {"uv": [0, 0, 1, 1], "texture": "#0"},
				"west": {"uv": [0, 0, 1, 1], "texture": "#0"},
				"up": {"uv": [0, 0, 1, 1], "texture": "#0"},
				"down": {"uv": [0, 0, 1, 1], "texture": "#0"}
			}
		},
		{
			"name": "hexadecagon",
			"from": [10.92308, 9.90812, -2.521],
			"to": [11.34677, 10.05012, -2.579],
			"rotation": {"angle": -22.5, "axis": "z", "origin": [11.13493, 8.84312, -2.65]},
			"faces": {
				"north": {"uv": [0, 0, 1, 1], "texture": "#0"},
				"east": {"uv": [0, 0, 1, 1], "texture": "#0"},
				"south": {"uv": [0, 0, 1, 1], "texture": "#0"},
				"west": {"uv": [0, 0, 1, 1], "texture": "#0"},
				"up": {"uv": [0, 0, 1, 1], "texture": "#0"},
				"down": {"uv": [0, 0, 1, 1], "texture": "#0"}
			}
		},
		{
			"name": "hexadecagon",
			"from": [11.65054, 9.87717, -2.521],
			"to": [11.79254, 10.26536, -2.579],
			"rotation": {"angle": 0, "axis": "y", "origin": [11.72154, 10.08902, -2.65]},
			"faces": {
				"north": {"uv": [0, 0, 1, 1], "rotation": 270, "texture": "#0"},
				"east": {"uv": [0, 0, 1, 1], "rotation": 90, "texture": "#0"},
				"south": {"uv": [0, 0, 1, 1], "rotation": 90, "texture": "#0"},
				"west": {"uv": [0, 0, 1, 1], "rotation": 90, "texture": "#0"},
				"up": {"uv": [0, 0, 1, 1], "rotation": 90, "texture": "#0"},
				"down": {"uv": [0, 0, 1, 1], "rotation": 90, "texture": "#0"}
			}
		},
		{
			"name": "hexadecagon",
			"from": [11.5973, 9.8847, -2.521],
			"to": [11.7288, 10.27288, -2.579],
			"rotation": {"angle": -22.5, "axis": "z", "origin": [11.7393, 10.09654, -2.65]},
			"faces": {
				"north": {"uv": [0, 0, 1, 1], "rotation": 270, "texture": "#0"},
				"east": {"uv": [0, 0, 1, 1], "rotation": 90, "texture": "#0"},
				"south": {"uv": [0, 0, 1, 1], "rotation": 90, "texture": "#0"},
				"west": {"uv": [0, 0, 1, 1], "rotation": 90, "texture": "#0"},
				"up": {"uv": [0, 0, 1, 1], "rotation": 90, "texture": "#0"},
				"down": {"uv": [0, 0, 1, 1], "rotation": 90, "texture": "#0"}
			}
		},
		{
			"name": "hexadecagon",
			"from": [11.53011, 9.92706, -2.521],
			"to": [11.67211, 10.31524, -2.579],
			"rotation": {"angle": -45, "axis": "z", "origin": [11.60111, 10.1389, -2.65]},
			"faces": {
				"north": {"uv": [0, 0, 1, 1], "rotation": 270, "texture": "#0"},
				"east": {"uv": [0, 0, 1, 1], "rotation": 90, "texture": "#0"},
				"south": {"uv": [0, 0, 1, 1], "rotation": 90, "texture": "#0"},
				"west": {"uv": [0, 0, 1, 1], "rotation": 90, "texture": "#0"},
				"up": {"uv": [0, 0, 1, 1], "rotation": 90, "texture": "#0"},
				"down": {"uv": [0, 0, 1, 1], "rotation": 90, "texture": "#0"}
			}
		},
		{
			"name": "hexadecagon",
			"from": [9.3539, 10.54926, -2.521],
			"to": [9.4959, 10.93744, -2.579],
			"rotation": {"angle": 22.5, "axis": "z", "origin": [9.36075, 10.7744, -2.65]},
			"faces": {
				"north": {"uv": [0, 0, 1, 1], "rotation": 270, "texture": "#0"},
				"east": {"uv": [0, 0, 1, 1], "rotation": 90, "texture": "#0"},
				"south": {"uv": [0, 0, 1, 1], "rotation": 90, "texture": "#0"},
				"west": {"uv": [0, 0, 1, 1], "rotation": 90, "texture": "#0"},
				"up": {"uv": [0, 0, 1, 1], "rotation": 90, "texture": "#0"},
				"down": {"uv": [0, 0, 1, 1], "rotation": 90, "texture": "#0"}
			}
		},
		{
			"name": "hexadecagon",
			"from": [9.29664, 10.58857, -2.521],
			"to": [9.42814, 10.97675, -2.579],
			"rotation": {"angle": 0, "axis": "y", "origin": [9.36075, 10.7744, -2.65]},
			"faces": {
				"north": {"uv": [0, 0, 1, 1], "rotation": 270, "texture": "#0"},
				"east": {"uv": [0, 0, 1, 1], "rotation": 90, "texture": "#0"},
				"south": {"uv": [0, 0, 1, 1], "rotation": 90, "texture": "#0"},
				"west": {"uv": [0, 0, 1, 1], "rotation": 90, "texture": "#0"},
				"up": {"uv": [0, 0, 1, 1], "rotation": 90, "texture": "#0"},
				"down": {"uv": [0, 0, 1, 1], "rotation": 90, "texture": "#0"}
			}
		},
		{
			"name": "hexadecagon",
			"from": [9.22408, 10.54863, -2.521],
			"to": [9.36608, 10.93682, -2.579],
			"rotation": {"angle": -22.5, "axis": "z", "origin": [9.36075, 10.7744, -2.65]},
			"faces": {
				"north": {"uv": [0, 0, 1, 1], "rotation": 270, "texture": "#0"},
				"east": {"uv": [0, 0, 1, 1], "rotation": 90, "texture": "#0"},
				"south": {"uv": [0, 0, 1, 1], "rotation": 90, "texture": "#0"},
				"west": {"uv": [0, 0, 1, 1], "rotation": 90, "texture": "#0"},
				"up": {"uv": [0, 0, 1, 1], "rotation": 90, "texture": "#0"},
				"down": {"uv": [0, 0, 1, 1], "rotation": 90, "texture": "#0"}
			}
		},
		{
			"name": "hexadecagon",
			"from": [7.48297, 10.54926, -2.521],
			"to": [7.62497, 10.93744, -2.579],
			"rotation": {"angle": 22.5, "axis": "z", "origin": [7.48982, 10.7744, -2.65]},
			"faces": {
				"north": {"uv": [0, 0, 1, 1], "rotation": 270, "texture": "#0"},
				"east": {"uv": [0, 0, 1, 1], "rotation": 90, "texture": "#0"},
				"south": {"uv": [0, 0, 1, 1], "rotation": 90, "texture": "#0"},
				"west": {"uv": [0, 0, 1, 1], "rotation": 90, "texture": "#0"},
				"up": {"uv": [0, 0, 1, 1], "rotation": 90, "texture": "#0"},
				"down": {"uv": [0, 0, 1, 1], "rotation": 90, "texture": "#0"}
			}
		},
		{
			"name": "hexadecagon",
			"from": [7.42571, 10.58857, -2.521],
			"to": [7.55721, 10.97675, -2.579],
			"rotation": {"angle": 0, "axis": "y", "origin": [7.48982, 10.7744, -2.65]},
			"faces": {
				"north": {"uv": [0, 0, 1, 1], "rotation": 270, "texture": "#0"},
				"east": {"uv": [0, 0, 1, 1], "rotation": 90, "texture": "#0"},
				"south": {"uv": [0, 0, 1, 1], "rotation": 90, "texture": "#0"},
				"west": {"uv": [0, 0, 1, 1], "rotation": 90, "texture": "#0"},
				"up": {"uv": [0, 0, 1, 1], "rotation": 90, "texture": "#0"},
				"down": {"uv": [0, 0, 1, 1], "rotation": 90, "texture": "#0"}
			}
		},
		{
			"name": "hexadecagon",
			"from": [7.35315, 10.54863, -2.521],
			"to": [7.49515, 10.93682, -2.579],
			"rotation": {"angle": -22.5, "axis": "z", "origin": [7.48982, 10.7744, -2.65]},
			"faces": {
				"north": {"uv": [0, 0, 1, 1], "rotation": 270, "texture": "#0"},
				"east": {"uv": [0, 0, 1, 1], "rotation": 90, "texture": "#0"},
				"south": {"uv": [0, 0, 1, 1], "rotation": 90, "texture": "#0"},
				"west": {"uv": [0, 0, 1, 1], "rotation": 90, "texture": "#0"},
				"up": {"uv": [0, 0, 1, 1], "rotation": 90, "texture": "#0"},
				"down": {"uv": [0, 0, 1, 1], "rotation": 90, "texture": "#0"}
			}
		},
		{
			"name": "hexadecagon",
			"from": [5.22171, 9.8778, -2.521],
			"to": [5.36371, 10.26599, -2.579],
			"rotation": {"angle": 45, "axis": "z", "origin": [5.22855, 10.10294, -2.65]},
			"faces": {
				"north": {"uv": [0, 0, 1, 1], "rotation": 270, "texture": "#0"},
				"east": {"uv": [0, 0, 1, 1], "rotation": 90, "texture": "#0"},
				"south": {"uv": [0, 0, 1, 1], "rotation": 90, "texture": "#0"},
				"west": {"uv": [0, 0, 1, 1], "rotation": 90, "texture": "#0"},
				"up": {"uv": [0, 0, 1, 1], "rotation": 90, "texture": "#0"},
				"down": {"uv": [0, 0, 1, 1], "rotation": 90, "texture": "#0"}
			}
		},
		{
			"name": "hexadecagon",
			"from": [5.16444, 9.91711, -2.521],
			"to": [5.29594, 10.30529, -2.579],
			"rotation": {"angle": 22.5, "axis": "z", "origin": [5.22855, 10.10294, -2.65]},
			"faces": {
				"north": {"uv": [0, 0, 1, 1], "rotation": 270, "texture": "#0"},
				"east": {"uv": [0, 0, 1, 1], "rotation": 90, "texture": "#0"},
				"south": {"uv": [0, 0, 1, 1], "rotation": 90, "texture": "#0"},
				"west": {"uv": [0, 0, 1, 1], "rotation": 90, "texture": "#0"},
				"up": {"uv": [0, 0, 1, 1], "rotation": 90, "texture": "#0"},
				"down": {"uv": [0, 0, 1, 1], "rotation": 90, "texture": "#0"}
			}
		},
		{
			"name": "hexadecagon",
			"from": [5.09188, 9.87717, -2.521],
			"to": [5.23388, 10.26536, -2.579],
			"rotation": {"angle": 0, "axis": "y", "origin": [5.22855, 10.10294, -2.65]},
			"faces": {
				"north": {"uv": [0, 0, 1, 1], "rotation": 270, "texture": "#0"},
				"east": {"uv": [0, 0, 1, 1], "rotation": 90, "texture": "#0"},
				"south": {"uv": [0, 0, 1, 1], "rotation": 90, "texture": "#0"},
				"west": {"uv": [0, 0, 1, 1], "rotation": 90, "texture": "#0"},
				"up": {"uv": [0, 0, 1, 1], "rotation": 90, "texture": "#0"},
				"down": {"uv": [0, 0, 1, 1], "rotation": 90, "texture": "#0"}
			}
		},
		{
			"name": "hexadecagon",
			"from": [10.92308, 9.76612, -2.663],
			"to": [11.34677, 9.90812, -2.437],
			"rotation": {"angle": 0, "axis": "y", "origin": [11.13493, 8.84312, -2.65]},
			"faces": {
				"north": {"uv": [0, 0, 1, 1], "texture": "#0"},
				"east": {"uv": [0, 0, 1, 1], "texture": "#0"},
				"south": {"uv": [0, 0, 1, 1], "texture": "#0"},
				"west": {"uv": [0, 0, 1, 1], "texture": "#0"},
				"up": {"uv": [0, 0, 1, 1], "texture": "#0"},
				"down": {"uv": [0, 0, 1, 1], "texture": "#0"}
			}
		},
		{
			"name": "hexadecagon",
			"from": [10.92308, 9.76612, -2.663],
			"to": [11.34677, 9.90812, -2.437],
			"rotation": {"angle": 22.5, "axis": "z", "origin": [11.13493, 8.84312, -2.65]},
			"faces": {
				"north": {"uv": [0, 0, 1, 1], "texture": "#0"},
				"east": {"uv": [0, 0, 1, 1], "texture": "#0"},
				"south": {"uv": [0, 0, 1, 1], "texture": "#0"},
				"west": {"uv": [0, 0, 1, 1], "texture": "#0"},
				"up": {"uv": [0, 0, 1, 1], "texture": "#0"},
				"down": {"uv": [0, 0, 1, 1], "texture": "#0"}
			}
		},
		{
			"name": "hexadecagon",
			"from": [10.92308, 9.76612, -2.663],
			"to": [11.34677, 9.90812, -2.437],
			"rotation": {"angle": 45, "axis": "z", "origin": [11.13493, 8.84312, -2.65]},
			"faces": {
				"north": {"uv": [0, 0, 1, 1], "texture": "#0"},
				"east": {"uv": [0, 0, 1, 1], "texture": "#0"},
				"south": {"uv": [0, 0, 1, 1], "texture": "#0"},
				"west": {"uv": [0, 0, 1, 1], "texture": "#0"},
				"up": {"uv": [0, 0, 1, 1], "texture": "#0"},
				"down": {"uv": [0, 0, 1, 1], "texture": "#0"}
			}
		},
		{
			"name": "hexadecagon",
			"from": [10.06993, 8.63128, -2.663],
			"to": [10.21193, 9.05496, -2.437],
			"rotation": {"angle": -22.5, "axis": "z", "origin": [11.13493, 8.84312, -2.65]},
			"faces": {
				"north": {"uv": [0, 0, 1, 1], "texture": "#0"},
				"east": {"uv": [0, 0, 1, 1], "texture": "#0"},
				"south": {"uv": [0, 0, 1, 1], "texture": "#0"},
				"west": {"uv": [0, 0, 1, 1], "texture": "#0"},
				"up": {"uv": [0, 0, 1, 1], "texture": "#0"},
				"down": {"uv": [0, 0, 1, 1], "texture": "#0"}
			}
		},
		{
			"name": "hexadecagon",
			"from": [10.06993, 8.63128, -2.663],
			"to": [10.21193, 9.05496, -2.437],
			"rotation": {"angle": 0, "axis": "y", "origin": [11.13493, 8.84312, -2.65]},
			"faces": {
				"north": {"uv": [0, 0, 1, 1], "texture": "#0"},
				"east": {"uv": [0, 0, 1, 1], "texture": "#0"},
				"south": {"uv": [0, 0, 1, 1], "texture": "#0"},
				"west": {"uv": [0, 0, 1, 1], "texture": "#0"},
				"up": {"uv": [0, 0, 1, 1], "texture": "#0"},
				"down": {"uv": [0, 0, 1, 1], "texture": "#0"}
			}
		},
		{
			"name": "hexadecagon",
			"from": [10.06993, 8.63128, -2.663],
			"to": [10.21193, 9.05496, -2.437],
			"rotation": {"angle": 22.5, "axis": "z", "origin": [11.13493, 8.84312, -2.65]},
			"faces": {
				"north": {"uv": [0, 0, 1, 1], "texture": "#0"},
				"east": {"uv": [0, 0, 1, 1], "texture": "#0"},
				"south": {"uv": [0, 0, 1, 1], "texture": "#0"},
				"west": {"uv": [0, 0, 1, 1], "texture": "#0"},
				"up": {"uv": [0, 0, 1, 1], "texture": "#0"},
				"down": {"uv": [0, 0, 1, 1], "texture": "#0"}
			}
		},
		{
			"name": "hexadecagon",
			"from": [12.05793, 8.63128, -2.663],
			"to": [12.19993, 9.05496, -2.437],
			"rotation": {"angle": -22.5, "axis": "z", "origin": [11.13493, 8.84312, -2.65]},
			"faces": {
				"north": {"uv": [0, 0, 1, 1], "texture": "#0"},
				"east": {"uv": [0, 0, 1, 1], "texture": "#0"},
				"south": {"uv": [0, 0, 1, 1], "texture": "#0"},
				"west": {"uv": [0, 0, 1, 1], "texture": "#0"},
				"up": {"uv": [0, 0, 1, 1], "texture": "#0"},
				"down": {"uv": [0, 0, 1, 1], "texture": "#0"}
			}
		},
		{
			"name": "hexadecagon",
			"from": [12.05793, 8.63128, -2.663],
			"to": [12.19993, 9.05496, -2.437],
			"rotation": {"angle": 0, "axis": "y", "origin": [11.13493, 8.84312, -2.65]},
			"faces": {
				"north": {"uv": [0, 0, 1, 1], "texture": "#0"},
				"east": {"uv": [0, 0, 1, 1], "texture": "#0"},
				"south": {"uv": [0, 0, 1, 1], "texture": "#0"},
				"west": {"uv": [0, 0, 1, 1], "texture": "#0"},
				"up": {"uv": [0, 0, 1, 1], "texture": "#0"},
				"down": {"uv": [0, 0, 1, 1], "texture": "#0"}
			}
		},
		{
			"name": "hexadecagon",
			"from": [12.05793, 8.63128, -2.663],
			"to": [12.19993, 9.05496, -2.437],
			"rotation": {"angle": 22.5, "axis": "z", "origin": [11.13493, 8.84312, -2.65]},
			"faces": {
				"north": {"uv": [0, 0, 1, 1], "texture": "#0"},
				"east": {"uv": [0, 0, 1, 1], "texture": "#0"},
				"south": {"uv": [0, 0, 1, 1], "texture": "#0"},
				"west": {"uv": [0, 0, 1, 1], "texture": "#0"},
				"up": {"uv": [0, 0, 1, 1], "texture": "#0"},
				"down": {"uv": [0, 0, 1, 1], "texture": "#0"}
			}
		},
		{
			"name": "hexadecagon",
			"from": [9.14808, 8.34612, -2.663],
			"to": [9.57177, 8.48812, -2.437],
			"rotation": {"angle": -45, "axis": "z", "origin": [9.35993, 9.41112, -2.65]},
			"faces": {
				"north": {"uv": [0, 0, 1, 1], "texture": "#0"},
				"east": {"uv": [0, 0, 1, 1], "texture": "#0"},
				"south": {"uv": [0, 0, 1, 1], "texture": "#0"},
				"west": {"uv": [0, 0, 1, 1], "texture": "#0"},
				"up": {"uv": [0, 0, 1, 1], "texture": "#0"},
				"down": {"uv": [0, 0, 1, 1], "texture": "#0"}
			}
		},
		{
			"name": "hexadecagon",
			"from": [9.14808, 8.34612, -2.663],
			"to": [9.57177, 8.48812, -2.437],
			"rotation": {"angle": -22.5, "axis": "z", "origin": [9.35993, 9.41112, -2.65]},
			"faces": {
				"north": {"uv": [0, 0, 1, 1], "texture": "#0"},
				"east": {"uv": [0, 0, 1, 1], "texture": "#0"},
				"south": {"uv": [0, 0, 1, 1], "texture": "#0"},
				"west": {"uv": [0, 0, 1, 1], "texture": "#0"},
				"up": {"uv": [0, 0, 1, 1], "texture": "#0"},
				"down": {"uv": [0, 0, 1, 1], "texture": "#0"}
			}
		},
		{
			"name": "hexadecagon",
			"from": [9.14808, 8.34612, -2.663],
			"to": [9.57177, 8.48812, -2.437],
			"rotation": {"angle": 0, "axis": "y", "origin": [9.35993, 9.41112, -2.65]},
			"faces": {
				"north": {"uv": [0, 0, 1, 1], "texture": "#0"},
				"east": {"uv": [0, 0, 1, 1], "texture": "#0"},
				"south": {"uv": [0, 0, 1, 1], "texture": "#0"},
				"west": {"uv": [0, 0, 1, 1], "texture": "#0"},
				"up": {"uv": [0, 0, 1, 1], "texture": "#0"},
				"down": {"uv": [0, 0, 1, 1], "texture": "#0"}
			}
		},
		{
			"name": "hexadecagon",
			"from": [9.14808, 8.34612, -2.663],
			"to": [9.57177, 8.48812, -2.437],
			"rotation": {"angle": 22.5, "axis": "z", "origin": [9.35993, 9.41112, -2.65]},
			"faces": {
				"north": {"uv": [0, 0, 1, 1], "texture": "#0"},
				"east": {"uv": [0, 0, 1, 1], "texture": "#0"},
				"south": {"uv": [0, 0, 1, 1], "texture": "#0"},
				"west": {"uv": [0, 0, 1, 1], "texture": "#0"},
				"up": {"uv": [0, 0, 1, 1], "texture": "#0"},
				"down": {"uv": [0, 0, 1, 1], "texture": "#0"}
			}
		},
		{
			"name": "hexadecagon",
			"from": [9.14808, 8.34612, -2.663],
			"to": [9.57177, 8.48812, -2.437],
			"rotation": {"angle": 45, "axis": "z", "origin": [9.35993, 9.41112, -2.65]},
			"faces": {
				"north": {"uv": [0, 0, 1, 1], "texture": "#0"},
				"east": {"uv": [0, 0, 1, 1], "texture": "#0"},
				"south": {"uv": [0, 0, 1, 1], "texture": "#0"},
				"west": {"uv": [0, 0, 1, 1], "texture": "#0"},
				"up": {"uv": [0, 0, 1, 1], "texture": "#0"},
				"down": {"uv": [0, 0, 1, 1], "texture": "#0"}
			}
		},
		{
			"name": "hexadecagon",
			"from": [9.14808, 10.33412, -2.663],
			"to": [9.57177, 10.47612, -2.437],
			"rotation": {"angle": -45, "axis": "z", "origin": [9.35993, 9.41112, -2.65]},
			"faces": {
				"north": {"uv": [0, 0, 1, 1], "texture": "#0"},
				"east": {"uv": [0, 0, 1, 1], "texture": "#0"},
				"south": {"uv": [0, 0, 1, 1], "texture": "#0"},
				"west": {"uv": [0, 0, 1, 1], "texture": "#0"},
				"up": {"uv": [0, 0, 1, 1], "texture": "#0"},
				"down": {"uv": [0, 0, 1, 1], "texture": "#0"}
			}
		},
		{
			"name": "hexadecagon",
			"from": [9.14808, 10.33412, -2.663],
			"to": [9.57177, 10.47612, -2.437],
			"rotation": {"angle": -22.5, "axis": "z", "origin": [9.35993, 9.41112, -2.65]},
			"faces": {
				"north": {"uv": [0, 0, 1, 1], "texture": "#0"},
				"east": {"uv": [0, 0, 1, 1], "texture": "#0"},
				"south": {"uv": [0, 0, 1, 1], "texture": "#0"},
				"west": {"uv": [0, 0, 1, 1], "texture": "#0"},
				"up": {"uv": [0, 0, 1, 1], "texture": "#0"},
				"down": {"uv": [0, 0, 1, 1], "texture": "#0"}
			}
		},
		{
			"name": "hexadecagon",
			"from": [9.14808, 10.33412, -2.663],
			"to": [9.57177, 10.47612, -2.437],
			"rotation": {"angle": 0, "axis": "y", "origin": [9.35993, 9.41112, -2.65]},
			"faces": {
				"north": {"uv": [0, 0, 1, 1], "texture": "#0"},
				"east": {"uv": [0, 0, 1, 1], "texture": "#0"},
				"south": {"uv": [0, 0, 1, 1], "texture": "#0"},
				"west": {"uv": [0, 0, 1, 1], "texture": "#0"},
				"up": {"uv": [0, 0, 1, 1], "texture": "#0"},
				"down": {"uv": [0, 0, 1, 1], "texture": "#0"}
			}
		},
		{
			"name": "hexadecagon",
			"from": [9.14808, 10.47612, -2.521],
			"to": [9.57177, 10.61812, -2.579],
			"rotation": {"angle": 0, "axis": "y", "origin": [9.35993, 9.41112, -2.65]},
			"faces": {
				"north": {"uv": [0, 0, 1, 1], "texture": "#0"},
				"east": {"uv": [0, 0, 1, 1], "texture": "#0"},
				"south": {"uv": [0, 0, 1, 1], "texture": "#0"},
				"west": {"uv": [0, 0, 1, 1], "texture": "#0"},
				"up": {"uv": [0, 0, 1, 1], "texture": "#0"},
				"down": {"uv": [0, 0, 1, 1], "texture": "#0"}
			}
		},
		{
			"name": "hexadecagon",
			"from": [9.14808, 10.33412, -2.663],
			"to": [9.57177, 10.47612, -2.437],
			"rotation": {"angle": 22.5, "axis": "z", "origin": [9.35993, 9.41112, -2.65]},
			"faces": {
				"north": {"uv": [0, 0, 1, 1], "texture": "#0"},
				"east": {"uv": [0, 0, 1, 1], "texture": "#0"},
				"south": {"uv": [0, 0, 1, 1], "texture": "#0"},
				"west": {"uv": [0, 0, 1, 1], "texture": "#0"},
				"up": {"uv": [0, 0, 1, 1], "texture": "#0"},
				"down": {"uv": [0, 0, 1, 1], "texture": "#0"}
			}
		},
		{
			"name": "hexadecagon",
			"from": [9.14808, 10.33412, -2.663],
			"to": [9.57177, 10.47612, -2.437],
			"rotation": {"angle": 45, "axis": "z", "origin": [9.35993, 9.41112, -2.65]},
			"faces": {
				"north": {"uv": [0, 0, 1, 1], "texture": "#0"},
				"east": {"uv": [0, 0, 1, 1], "texture": "#0"},
				"south": {"uv": [0, 0, 1, 1], "texture": "#0"},
				"west": {"uv": [0, 0, 1, 1], "texture": "#0"},
				"up": {"uv": [0, 0, 1, 1], "texture": "#0"},
				"down": {"uv": [0, 0, 1, 1], "texture": "#0"}
			}
		},
		{
			"name": "hexadecagon",
			"from": [8.29493, 9.19928, -2.663],
			"to": [8.43693, 9.62296, -2.437],
			"rotation": {"angle": -22.5, "axis": "z", "origin": [9.35993, 9.41112, -2.65]},
			"faces": {
				"north": {"uv": [0, 0, 1, 1], "texture": "#0"},
				"east": {"uv": [0, 0, 1, 1], "texture": "#0"},
				"south": {"uv": [0, 0, 1, 1], "texture": "#0"},
				"west": {"uv": [0, 0, 1, 1], "texture": "#0"},
				"up": {"uv": [0, 0, 1, 1], "texture": "#0"},
				"down": {"uv": [0, 0, 1, 1], "texture": "#0"}
			}
		},
		{
			"name": "hexadecagon",
			"from": [8.29493, 9.19928, -2.663],
			"to": [8.43693, 9.62296, -2.437],
			"rotation": {"angle": 0, "axis": "y", "origin": [9.35993, 9.41112, -2.65]},
			"faces": {
				"north": {"uv": [0, 0, 1, 1], "texture": "#0"},
				"east": {"uv": [0, 0, 1, 1], "texture": "#0"},
				"south": {"uv": [0, 0, 1, 1], "texture": "#0"},
				"west": {"uv": [0, 0, 1, 1], "texture": "#0"},
				"up": {"uv": [0, 0, 1, 1], "texture": "#0"},
				"down": {"uv": [0, 0, 1, 1], "texture": "#0"}
			}
		},
		{
			"name": "hexadecagon",
			"from": [8.29493, 9.19928, -2.663],
			"to": [8.43693, 9.62296, -2.437],
			"rotation": {"angle": 22.5, "axis": "z", "origin": [9.35993, 9.41112, -2.65]},
			"faces": {
				"north": {"uv": [0, 0, 1, 1], "texture": "#0"},
				"east": {"uv": [0, 0, 1, 1], "texture": "#0"},
				"south": {"uv": [0, 0, 1, 1], "texture": "#0"},
				"west": {"uv": [0, 0, 1, 1], "texture": "#0"},
				"up": {"uv": [0, 0, 1, 1], "texture": "#0"},
				"down": {"uv": [0, 0, 1, 1], "texture": "#0"}
			}
		},
		{
			"name": "hexadecagon",
			"from": [10.28293, 9.19928, -2.663],
			"to": [10.42493, 9.62296, -2.437],
			"rotation": {"angle": -22.5, "axis": "z", "origin": [9.35993, 9.41112, -2.65]},
			"faces": {
				"north": {"uv": [0, 0, 1, 1], "texture": "#0"},
				"east": {"uv": [0, 0, 1, 1], "texture": "#0"},
				"south": {"uv": [0, 0, 1, 1], "texture": "#0"},
				"west": {"uv": [0, 0, 1, 1], "texture": "#0"},
				"up": {"uv": [0, 0, 1, 1], "texture": "#0"},
				"down": {"uv": [0, 0, 1, 1], "texture": "#0"}
			}
		},
		{
			"name": "hexadecagon",
			"from": [10.28293, 9.19928, -2.663],
			"to": [10.42493, 9.62296, -2.437],
			"rotation": {"angle": 0, "axis": "y", "origin": [9.35993, 9.41112, -2.65]},
			"faces": {
				"north": {"uv": [0, 0, 1, 1], "texture": "#0"},
				"east": {"uv": [0, 0, 1, 1], "texture": "#0"},
				"south": {"uv": [0, 0, 1, 1], "texture": "#0"},
				"west": {"uv": [0, 0, 1, 1], "texture": "#0"},
				"up": {"uv": [0, 0, 1, 1], "texture": "#0"},
				"down": {"uv": [0, 0, 1, 1], "texture": "#0"}
			}
		},
		{
			"name": "hexadecagon",
			"from": [10.28293, 9.19928, -2.663],
			"to": [10.42493, 9.62296, -2.437],
			"rotation": {"angle": 22.5, "axis": "z", "origin": [9.35993, 9.41112, -2.65]},
			"faces": {
				"north": {"uv": [0, 0, 1, 1], "texture": "#0"},
				"east": {"uv": [0, 0, 1, 1], "texture": "#0"},
				"south": {"uv": [0, 0, 1, 1], "texture": "#0"},
				"west": {"uv": [0, 0, 1, 1], "texture": "#0"},
				"up": {"uv": [0, 0, 1, 1], "texture": "#0"},
				"down": {"uv": [0, 0, 1, 1], "texture": "#0"}
			}
		},
		{
			"name": "hexadecagon",
			"from": [5.53766, 7.77812, -2.663],
			"to": [5.96134, 7.92012, -2.437],
			"rotation": {"angle": -45, "axis": "z", "origin": [5.7495, 8.84312, -2.65]},
			"faces": {
				"north": {"uv": [0, 0, 1, 1], "texture": "#0"},
				"east": {"uv": [0, 0, 1, 1], "texture": "#0"},
				"south": {"uv": [0, 0, 1, 1], "texture": "#0"},
				"west": {"uv": [0, 0, 1, 1], "texture": "#0"},
				"up": {"uv": [0, 0, 1, 1], "texture": "#0"},
				"down": {"uv": [0, 0, 1, 1], "texture": "#0"}
			}
		},
		{
			"name": "hexadecagon",
			"from": [5.53766, 7.77812, -2.663],
			"to": [5.96134, 7.92012, -2.437],
			"rotation": {"angle": -22.5, "axis": "z", "origin": [5.7495, 8.84312, -2.65]},
			"faces": {
				"north": {"uv": [0, 0, 1, 1], "texture": "#0"},
				"east": {"uv": [0, 0, 1, 1], "texture": "#0"},
				"south": {"uv": [0, 0, 1, 1], "texture": "#0"},
				"west": {"uv": [0, 0, 1, 1], "texture": "#0"},
				"up": {"uv": [0, 0, 1, 1], "texture": "#0"},
				"down": {"uv": [0, 0, 1, 1], "texture": "#0"}
			}
		},
		{
			"name": "hexadecagon",
			"from": [5.53766, 7.77812, -2.663],
			"to": [5.96134, 7.92012, -2.437],
			"rotation": {"angle": 0, "axis": "y", "origin": [5.7495, 8.84312, -2.65]},
			"faces": {
				"north": {"uv": [0, 0, 1, 1], "texture": "#0"},
				"east": {"uv": [0, 0, 1, 1], "texture": "#0"},
				"south": {"uv": [0, 0, 1, 1], "texture": "#0"},
				"west": {"uv": [0, 0, 1, 1], "texture": "#0"},
				"up": {"uv": [0, 0, 1, 1], "texture": "#0"},
				"down": {"uv": [0, 0, 1, 1], "texture": "#0"}
			}
		},
		{
			"name": "hexadecagon",
			"from": [5.53766, 7.77812, -2.663],
			"to": [5.96134, 7.92012, -2.437],
			"rotation": {"angle": 22.5, "axis": "z", "origin": [5.7495, 8.84312, -2.65]},
			"faces": {
				"north": {"uv": [0, 0, 1, 1], "texture": "#0"},
				"east": {"uv": [0, 0, 1, 1], "texture": "#0"},
				"south": {"uv": [0, 0, 1, 1], "texture": "#0"},
				"west": {"uv": [0, 0, 1, 1], "texture": "#0"},
				"up": {"uv": [0, 0, 1, 1], "texture": "#0"},
				"down": {"uv": [0, 0, 1, 1], "texture": "#0"}
			}
		},
		{
			"name": "hexadecagon",
			"from": [5.53766, 7.77812, -2.663],
			"to": [5.96134, 7.92012, -2.437],
			"rotation": {"angle": 45, "axis": "z", "origin": [5.7495, 8.84312, -2.65]},
			"faces": {
				"north": {"uv": [0, 0, 1, 1], "texture": "#0"},
				"east": {"uv": [0, 0, 1, 1], "texture": "#0"},
				"south": {"uv": [0, 0, 1, 1], "texture": "#0"},
				"west": {"uv": [0, 0, 1, 1], "texture": "#0"},
				"up": {"uv": [0, 0, 1, 1], "texture": "#0"},
				"down": {"uv": [0, 0, 1, 1], "texture": "#0"}
			}
		},
		{
			"name": "hexadecagon",
			"from": [5.53766, 9.76612, -2.663],
			"to": [5.96134, 9.90812, -2.437],
			"rotation": {"angle": -45, "axis": "z", "origin": [5.7495, 8.84312, -2.65]},
			"faces": {
				"north": {"uv": [0, 0, 1, 1], "texture": "#0"},
				"east": {"uv": [0, 0, 1, 1], "texture": "#0"},
				"south": {"uv": [0, 0, 1, 1], "texture": "#0"},
				"west": {"uv": [0, 0, 1, 1], "texture": "#0"},
				"up": {"uv": [0, 0, 1, 1], "texture": "#0"},
				"down": {"uv": [0, 0, 1, 1], "texture": "#0"}
			}
		},
		{
			"name": "hexadecagon",
			"from": [5.53766, 9.76612, -2.663],
			"to": [5.96134, 9.90812, -2.437],
			"rotation": {"angle": -22.5, "axis": "z", "origin": [5.7495, 8.84312, -2.65]},
			"faces": {
				"north": {"uv": [0, 0, 1, 1], "texture": "#0"},
				"east": {"uv": [0, 0, 1, 1], "texture": "#0"},
				"south": {"uv": [0, 0, 1, 1], "texture": "#0"},
				"west": {"uv": [0, 0, 1, 1], "texture": "#0"},
				"up": {"uv": [0, 0, 1, 1], "texture": "#0"},
				"down": {"uv": [0, 0, 1, 1], "texture": "#0"}
			}
		},
		{
			"name": "hexadecagon",
			"from": [5.53766, 9.76612, -2.663],
			"to": [5.96134, 9.90812, -2.437],
			"rotation": {"angle": 0, "axis": "y", "origin": [5.7495, 8.84312, -2.65]},
			"faces": {
				"north": {"uv": [0, 0, 1, 1], "texture": "#0"},
				"east": {"uv": [0, 0, 1, 1], "texture": "#0"},
				"south": {"uv": [0, 0, 1, 1], "texture": "#0"},
				"west": {"uv": [0, 0, 1, 1], "texture": "#0"},
				"up": {"uv": [0, 0, 1, 1], "texture": "#0"},
				"down": {"uv": [0, 0, 1, 1], "texture": "#0"}
			}
		},
		{
			"name": "hexadecagon",
			"from": [5.53766, 9.76612, -2.663],
			"to": [5.96134, 9.90812, -2.437],
			"rotation": {"angle": 22.5, "axis": "z", "origin": [5.7495, 8.84312, -2.65]},
			"faces": {
				"north": {"uv": [0, 0, 1, 1], "texture": "#0"},
				"east": {"uv": [0, 0, 1, 1], "texture": "#0"},
				"south": {"uv": [0, 0, 1, 1], "texture": "#0"},
				"west": {"uv": [0, 0, 1, 1], "texture": "#0"},
				"up": {"uv": [0, 0, 1, 1], "texture": "#0"},
				"down": {"uv": [0, 0, 1, 1], "texture": "#0"}
			}
		},
		{
			"name": "hexadecagon",
			"from": [5.53766, 9.90812, -2.521],
			"to": [5.96134, 10.05012, -2.579],
			"rotation": {"angle": 22.5, "axis": "z", "origin": [5.7495, 8.84312, -2.65]},
			"faces": {
				"north": {"uv": [0, 0, 1, 1], "texture": "#0"},
				"east": {"uv": [0, 0, 1, 1], "texture": "#0"},
				"south": {"uv": [0, 0, 1, 1], "texture": "#0"},
				"west": {"uv": [0, 0, 1, 1], "texture": "#0"},
				"up": {"uv": [0, 0, 1, 1], "texture": "#0"},
				"down": {"uv": [0, 0, 1, 1], "texture": "#0"}
			}
		},
		{
			"name": "hexadecagon",
			"from": [5.53766, 9.76612, -2.663],
			"to": [5.96134, 9.90812, -2.437],
			"rotation": {"angle": 45, "axis": "z", "origin": [5.7495, 8.84312, -2.65]},
			"faces": {
				"north": {"uv": [0, 0, 1, 1], "texture": "#0"},
				"east": {"uv": [0, 0, 1, 1], "texture": "#0"},
				"south": {"uv": [0, 0, 1, 1], "texture": "#0"},
				"west": {"uv": [0, 0, 1, 1], "texture": "#0"},
				"up": {"uv": [0, 0, 1, 1], "texture": "#0"},
				"down": {"uv": [0, 0, 1, 1], "texture": "#0"}
			}
		},
		{
			"name": "hexadecagon",
			"from": [4.6845, 8.63128, -2.663],
			"to": [4.8265, 9.05496, -2.437],
			"rotation": {"angle": -22.5, "axis": "z", "origin": [5.7495, 8.84312, -2.65]},
			"faces": {
				"north": {"uv": [0, 0, 1, 1], "texture": "#0"},
				"east": {"uv": [0, 0, 1, 1], "texture": "#0"},
				"south": {"uv": [0, 0, 1, 1], "texture": "#0"},
				"west": {"uv": [0, 0, 1, 1], "texture": "#0"},
				"up": {"uv": [0, 0, 1, 1], "texture": "#0"},
				"down": {"uv": [0, 0, 1, 1], "texture": "#0"}
			}
		},
		{
			"name": "hexadecagon",
			"from": [4.6845, 8.63128, -2.663],
			"to": [4.8265, 9.05496, -2.437],
			"rotation": {"angle": 0, "axis": "y", "origin": [5.7495, 8.84312, -2.65]},
			"faces": {
				"north": {"uv": [0, 0, 1, 1], "texture": "#0"},
				"east": {"uv": [0, 0, 1, 1], "texture": "#0"},
				"south": {"uv": [0, 0, 1, 1], "texture": "#0"},
				"west": {"uv": [0, 0, 1, 1], "texture": "#0"},
				"up": {"uv": [0, 0, 1, 1], "texture": "#0"},
				"down": {"uv": [0, 0, 1, 1], "texture": "#0"}
			}
		},
		{
			"name": "hexadecagon",
			"from": [4.6845, 8.63128, -2.663],
			"to": [4.8265, 9.05496, -2.437],
			"rotation": {"angle": 22.5, "axis": "z", "origin": [5.7495, 8.84312, -2.65]},
			"faces": {
				"north": {"uv": [0, 0, 1, 1], "texture": "#0"},
				"east": {"uv": [0, 0, 1, 1], "texture": "#0"},
				"south": {"uv": [0, 0, 1, 1], "texture": "#0"},
				"west": {"uv": [0, 0, 1, 1], "texture": "#0"},
				"up": {"uv": [0, 0, 1, 1], "texture": "#0"},
				"down": {"uv": [0, 0, 1, 1], "texture": "#0"}
			}
		},
		{
			"name": "hexadecagon",
			"from": [6.6725, 8.63128, -2.663],
			"to": [6.8145, 9.05496, -2.437],
			"rotation": {"angle": -22.5, "axis": "z", "origin": [5.7495, 8.84312, -2.65]},
			"faces": {
				"north": {"uv": [0, 0, 1, 1], "texture": "#0"},
				"east": {"uv": [0, 0, 1, 1], "texture": "#0"},
				"south": {"uv": [0, 0, 1, 1], "texture": "#0"},
				"west": {"uv": [0, 0, 1, 1], "texture": "#0"},
				"up": {"uv": [0, 0, 1, 1], "texture": "#0"},
				"down": {"uv": [0, 0, 1, 1], "texture": "#0"}
			}
		},
		{
			"name": "hexadecagon",
			"from": [6.6725, 8.63128, -2.663],
			"to": [6.8145, 9.05496, -2.437],
			"rotation": {"angle": 0, "axis": "y", "origin": [5.7495, 8.84312, -2.65]},
			"faces": {
				"north": {"uv": [0, 0, 1, 1], "texture": "#0"},
				"east": {"uv": [0, 0, 1, 1], "texture": "#0"},
				"south": {"uv": [0, 0, 1, 1], "texture": "#0"},
				"west": {"uv": [0, 0, 1, 1], "texture": "#0"},
				"up": {"uv": [0, 0, 1, 1], "texture": "#0"},
				"down": {"uv": [0, 0, 1, 1], "texture": "#0"}
			}
		},
		{
			"name": "hexadecagon",
			"from": [6.6725, 8.63128, -2.663],
			"to": [6.8145, 9.05496, -2.437],
			"rotation": {"angle": 22.5, "axis": "z", "origin": [5.7495, 8.84312, -2.65]},
			"faces": {
				"north": {"uv": [0, 0, 1, 1], "texture": "#0"},
				"east": {"uv": [0, 0, 1, 1], "texture": "#0"},
				"south": {"uv": [0, 0, 1, 1], "texture": "#0"},
				"west": {"uv": [0, 0, 1, 1], "texture": "#0"},
				"up": {"uv": [0, 0, 1, 1], "texture": "#0"},
				"down": {"uv": [0, 0, 1, 1], "texture": "#0"}
			}
		},
		{
			"name": "hexadecagon",
			"from": [7.27716, 8.34612, -2.663],
			"to": [7.70084, 8.48812, -2.437],
			"rotation": {"angle": -45, "axis": "z", "origin": [7.489, 9.41112, -2.65]},
			"faces": {
				"north": {"uv": [0, 0, 1, 1], "texture": "#0"},
				"east": {"uv": [0, 0, 1, 1], "texture": "#0"},
				"south": {"uv": [0, 0, 1, 1], "texture": "#0"},
				"west": {"uv": [0, 0, 1, 1], "texture": "#0"},
				"up": {"uv": [0, 0, 1, 1], "texture": "#0"},
				"down": {"uv": [0, 0, 1, 1], "texture": "#0"}
			}
		},
		{
			"name": "hexadecagon",
			"from": [7.27716, 8.34612, -2.663],
			"to": [7.70084, 8.48812, -2.437],
			"rotation": {"angle": -22.5, "axis": "z", "origin": [7.489, 9.41112, -2.65]},
			"faces": {
				"north": {"uv": [0, 0, 1, 1], "texture": "#0"},
				"east": {"uv": [0, 0, 1, 1], "texture": "#0"},
				"south": {"uv": [0, 0, 1, 1], "texture": "#0"},
				"west": {"uv": [0, 0, 1, 1], "texture": "#0"},
				"up": {"uv": [0, 0, 1, 1], "texture": "#0"},
				"down": {"uv": [0, 0, 1, 1], "texture": "#0"}
			}
		},
		{
			"name": "hexadecagon",
			"from": [7.27716, 8.34612, -2.663],
			"to": [7.70084, 8.48812, -2.437],
			"rotation": {"angle": 0, "axis": "y", "origin": [7.489, 9.41112, -2.65]},
			"faces": {
				"north": {"uv": [0, 0, 1, 1], "texture": "#0"},
				"east": {"uv": [0, 0, 1, 1], "texture": "#0"},
				"south": {"uv": [0, 0, 1, 1], "texture": "#0"},
				"west": {"uv": [0, 0, 1, 1], "texture": "#0"},
				"up": {"uv": [0, 0, 1, 1], "texture": "#0"},
				"down": {"uv": [0, 0, 1, 1], "texture": "#0"}
			}
		},
		{
			"name": "hexadecagon",
			"from": [7.27716, 8.34612, -2.663],
			"to": [7.70084, 8.48812, -2.437],
			"rotation": {"angle": 22.5, "axis": "z", "origin": [7.489, 9.41112, -2.65]},
			"faces": {
				"north": {"uv": [0, 0, 1, 1], "texture": "#0"},
				"east": {"uv": [0, 0, 1, 1], "texture": "#0"},
				"south": {"uv": [0, 0, 1, 1], "texture": "#0"},
				"west": {"uv": [0, 0, 1, 1], "texture": "#0"},
				"up": {"uv": [0, 0, 1, 1], "texture": "#0"},
				"down": {"uv": [0, 0, 1, 1], "texture": "#0"}
			}
		},
		{
			"name": "hexadecagon",
			"from": [7.27716, 8.34612, -2.663],
			"to": [7.70084, 8.48812, -2.437],
			"rotation": {"angle": 45, "axis": "z", "origin": [7.489, 9.41112, -2.65]},
			"faces": {
				"north": {"uv": [0, 0, 1, 1], "texture": "#0"},
				"east": {"uv": [0, 0, 1, 1], "texture": "#0"},
				"south": {"uv": [0, 0, 1, 1], "texture": "#0"},
				"west": {"uv": [0, 0, 1, 1], "texture": "#0"},
				"up": {"uv": [0, 0, 1, 1], "texture": "#0"},
				"down": {"uv": [0, 0, 1, 1], "texture": "#0"}
			}
		},
		{
			"name": "hexadecagon",
			"from": [7.27716, 10.33412, -2.663],
			"to": [7.70084, 10.47612, -2.437],
			"rotation": {"angle": -45, "axis": "z", "origin": [7.489, 9.41112, -2.65]},
			"faces": {
				"north": {"uv": [0, 0, 1, 1], "texture": "#0"},
				"east": {"uv": [0, 0, 1, 1], "texture": "#0"},
				"south": {"uv": [0, 0, 1, 1], "texture": "#0"},
				"west": {"uv": [0, 0, 1, 1], "texture": "#0"},
				"up": {"uv": [0, 0, 1, 1], "texture": "#0"},
				"down": {"uv": [0, 0, 1, 1], "texture": "#0"}
			}
		},
		{
			"name": "hexadecagon",
			"from": [7.27716, 10.33412, -2.663],
			"to": [7.70084, 10.47612, -2.437],
			"rotation": {"angle": -22.5, "axis": "z", "origin": [7.489, 9.41112, -2.65]},
			"faces": {
				"north": {"uv": [0, 0, 1, 1], "texture": "#0"},
				"east": {"uv": [0, 0, 1, 1], "texture": "#0"},
				"south": {"uv": [0, 0, 1, 1], "texture": "#0"},
				"west": {"uv": [0, 0, 1, 1], "texture": "#0"},
				"up": {"uv": [0, 0, 1, 1], "texture": "#0"},
				"down": {"uv": [0, 0, 1, 1], "texture": "#0"}
			}
		},
		{
			"name": "hexadecagon",
			"from": [7.27716, 10.33412, -2.663],
			"to": [7.70084, 10.47612, -2.437],
			"rotation": {"angle": 0, "axis": "y", "origin": [7.489, 9.41112, -2.65]},
			"faces": {
				"north": {"uv": [0, 0, 1, 1], "texture": "#0"},
				"east": {"uv": [0, 0, 1, 1], "texture": "#0"},
				"south": {"uv": [0, 0, 1, 1], "texture": "#0"},
				"west": {"uv": [0, 0, 1, 1], "texture": "#0"},
				"up": {"uv": [0, 0, 1, 1], "texture": "#0"},
				"down": {"uv": [0, 0, 1, 1], "texture": "#0"}
			}
		},
		{
			"name": "hexadecagon",
			"from": [7.27716, 10.47612, -2.521],
			"to": [7.70084, 10.61812, -2.579],
			"rotation": {"angle": 0, "axis": "y", "origin": [7.489, 9.41112, -2.65]},
			"faces": {
				"north": {"uv": [0, 0, 1, 1], "texture": "#0"},
				"east": {"uv": [0, 0, 1, 1], "texture": "#0"},
				"south": {"uv": [0, 0, 1, 1], "texture": "#0"},
				"west": {"uv": [0, 0, 1, 1], "texture": "#0"},
				"up": {"uv": [0, 0, 1, 1], "texture": "#0"},
				"down": {"uv": [0, 0, 1, 1], "texture": "#0"}
			}
		},
		{
			"name": "hexadecagon",
			"from": [7.27716, 10.33412, -2.663],
			"to": [7.70084, 10.47612, -2.437],
			"rotation": {"angle": 22.5, "axis": "z", "origin": [7.489, 9.41112, -2.65]},
			"faces": {
				"north": {"uv": [0, 0, 1, 1], "texture": "#0"},
				"east": {"uv": [0, 0, 1, 1], "texture": "#0"},
				"south": {"uv": [0, 0, 1, 1], "texture": "#0"},
				"west": {"uv": [0, 0, 1, 1], "texture": "#0"},
				"up": {"uv": [0, 0, 1, 1], "texture": "#0"},
				"down": {"uv": [0, 0, 1, 1], "texture": "#0"}
			}
		},
		{
			"name": "hexadecagon",
			"from": [7.27716, 10.33412, -2.663],
			"to": [7.70084, 10.47612, -2.437],
			"rotation": {"angle": 45, "axis": "z", "origin": [7.489, 9.41112, -2.65]},
			"faces": {
				"north": {"uv": [0, 0, 1, 1], "texture": "#0"},
				"east": {"uv": [0, 0, 1, 1], "texture": "#0"},
				"south": {"uv": [0, 0, 1, 1], "texture": "#0"},
				"west": {"uv": [0, 0, 1, 1], "texture": "#0"},
				"up": {"uv": [0, 0, 1, 1], "texture": "#0"},
				"down": {"uv": [0, 0, 1, 1], "texture": "#0"}
			}
		},
		{
			"name": "hexadecagon",
			"from": [6.424, 9.19928, -2.663],
			"to": [6.566, 9.62296, -2.437],
			"rotation": {"angle": -22.5, "axis": "z", "origin": [7.489, 9.41112, -2.65]},
			"faces": {
				"north": {"uv": [0, 0, 1, 1], "texture": "#0"},
				"east": {"uv": [0, 0, 1, 1], "texture": "#0"},
				"south": {"uv": [0, 0, 1, 1], "texture": "#0"},
				"west": {"uv": [0, 0, 1, 1], "texture": "#0"},
				"up": {"uv": [0, 0, 1, 1], "texture": "#0"},
				"down": {"uv": [0, 0, 1, 1], "texture": "#0"}
			}
		},
		{
			"name": "hexadecagon",
			"from": [6.424, 9.19928, -2.663],
			"to": [6.566, 9.62296, -2.437],
			"rotation": {"angle": 0, "axis": "y", "origin": [7.489, 9.41112, -2.65]},
			"faces": {
				"north": {"uv": [0, 0, 1, 1], "texture": "#0"},
				"east": {"uv": [0, 0, 1, 1], "texture": "#0"},
				"south": {"uv": [0, 0, 1, 1], "texture": "#0"},
				"west": {"uv": [0, 0, 1, 1], "texture": "#0"},
				"up": {"uv": [0, 0, 1, 1], "texture": "#0"},
				"down": {"uv": [0, 0, 1, 1], "texture": "#0"}
			}
		},
		{
			"name": "hexadecagon",
			"from": [6.424, 9.19928, -2.663],
			"to": [6.566, 9.62296, -2.437],
			"rotation": {"angle": 22.5, "axis": "z", "origin": [7.489, 9.41112, -2.65]},
			"faces": {
				"north": {"uv": [0, 0, 1, 1], "texture": "#0"},
				"east": {"uv": [0, 0, 1, 1], "texture": "#0"},
				"south": {"uv": [0, 0, 1, 1], "texture": "#0"},
				"west": {"uv": [0, 0, 1, 1], "texture": "#0"},
				"up": {"uv": [0, 0, 1, 1], "texture": "#0"},
				"down": {"uv": [0, 0, 1, 1], "texture": "#0"}
			}
		},
		{
			"name": "hexadecagon",
			"from": [8.412, 9.19928, -2.663],
			"to": [8.554, 9.62296, -2.437],
			"rotation": {"angle": -22.5, "axis": "z", "origin": [7.489, 9.41112, -2.65]},
			"faces": {
				"north": {"uv": [0, 0, 1, 1], "texture": "#0"},
				"east": {"uv": [0, 0, 1, 1], "texture": "#0"},
				"south": {"uv": [0, 0, 1, 1], "texture": "#0"},
				"west": {"uv": [0, 0, 1, 1], "texture": "#0"},
				"up": {"uv": [0, 0, 1, 1], "texture": "#0"},
				"down": {"uv": [0, 0, 1, 1], "texture": "#0"}
			}
		},
		{
			"name": "hexadecagon",
			"from": [8.412, 9.19928, -2.663],
			"to": [8.554, 9.62296, -2.437],
			"rotation": {"angle": 0, "axis": "y", "origin": [7.489, 9.41112, -2.65]},
			"faces": {
				"north": {"uv": [0, 0, 1, 1], "texture": "#0"},
				"east": {"uv": [0, 0, 1, 1], "texture": "#0"},
				"south": {"uv": [0, 0, 1, 1], "texture": "#0"},
				"west": {"uv": [0, 0, 1, 1], "texture": "#0"},
				"up": {"uv": [0, 0, 1, 1], "texture": "#0"},
				"down": {"uv": [0, 0, 1, 1], "texture": "#0"}
			}
		},
		{
			"name": "hexadecagon",
			"from": [8.412, 9.19928, -2.663],
			"to": [8.554, 9.62296, -2.437],
			"rotation": {"angle": 22.5, "axis": "z", "origin": [7.489, 9.41112, -2.65]},
			"faces": {
				"north": {"uv": [0, 0, 1, 1], "texture": "#0"},
				"east": {"uv": [0, 0, 1, 1], "texture": "#0"},
				"south": {"uv": [0, 0, 1, 1], "texture": "#0"},
				"west": {"uv": [0, 0, 1, 1], "texture": "#0"},
				"up": {"uv": [0, 0, 1, 1], "texture": "#0"},
				"down": {"uv": [0, 0, 1, 1], "texture": "#0"}
			}
		}
	],
	"display": {
		"thirdperson_righthand": {
			"rotation": [0, 90, -90],
			"translation": [10.75, -1.5, -1]
		},
		"thirdperson_lefthand": {
			"rotation": [0, 90, -90],
			"translation": [10.75, -2.25, -1]
		},
		"firstperson_righthand": {
			"rotation": [2, 90, -48],
			"translation": [7.75, 4, 4],
			"scale": [0.85, 0.85, 0.85]
		},
		"firstperson_lefthand": {
			"rotation": [2, 90, -48],
			"translation": [7, 4, 4],
			"scale": [0.85, 0.85, 0.85]
		},
		"ground": {
			"translation": [0, 0, 10.25]
		},
		"gui": {
			"rotation": [0, 0, 40],
			"translation": [0, -0.5, 0],
			"scale": [1.78, 1.8, 1.8]
		}
	},
	"groups": [
		{
			"name": "group",
			"origin": [5.47158, 7.31261, 0.5],
			"color": 0,
			"nbt": "{}",
			"armAnimationEnabled": false,
			"children": [0, 1, 2, 3, 4]
		},
		{
			"name": "hexadecagon",
			"origin": [8, 8, 8],
			"color": 4,
			"nbt": "{}",
			"armAnimationEnabled": false,
			"children": [5, 6, 7, 8, 9, 10, 11, 12, 13, 14, 15, 16, 17, 18, 19, 20, 21, 22, 23, 24, 25, 26, 27, 28, 29, 30, 31, 32, 33]
		},
		{
			"name": "hexadecagon",
			"origin": [8, 8, 8],
			"color": 4,
			"nbt": "{}",
			"armAnimationEnabled": false,
			"children": [34, 35, 36, 37, 38, 39, 40, 41, 42, 43, 44, 45, 46, 47, 48, 49, 50]
		},
		{
			"name": "hexadecagon",
			"origin": [8, 8, 8],
			"color": 4,
			"nbt": "{}",
			"armAnimationEnabled": false,
			"children": [51, 52, 53, 54, 55, 56, 57, 58, 59, 60, 61, 62, 63, 64, 65, 66, 67]
		},
		{
			"name": "hexadecagon",
			"origin": [8, 8, 8],
			"color": 4,
			"nbt": "{}",
			"armAnimationEnabled": false,
			"children": [68, 69, 70, 71, 72, 73, 74, 75, 76, 77, 78, 79, 80, 81, 82, 83, 84]
		}
	]
}