{
	"credit": "Made with Blockbench",
	"textures": {
		"0": "block/coal_block",
		"1": "block/black_concrete_powder",
		"2": "block/iron_trapdoor",
		"particle": "block/coal_block"
	},
	"elements": [
		{
			"from": [8, 9.25, 8],
			"to": [9, 10.25, 9],
			"faces": {
				"north": {"uv": [0, 0, 1, 1], "texture": "#0"},
				"east": {"uv": [0, 0, 1, 1], "texture": "#0"},
				"south": {"uv": [0, 0, 4, 9], "texture": "#0"},
				"west": {"uv": [0, 0, 1, 1], "texture": "#0"},
				"up": {"uv": [0, 0, 1, 1], "texture": "#0"},
				"down": {"uv": [0, 0, 1, 1], "texture": "#0"}
			}
		},
		{
			"from": [8, 4.75, 8],
			"to": [9, 5.75, 9],
			"faces": {
				"north": {"uv": [0, 0, 1, 1], "texture": "#0"},
				"east": {"uv": [0, 0, 1, 1], "texture": "#0"},
				"south": {"uv": [0, 0, 4, 9], "texture": "#0"},
				"west": {"uv": [0, 0, 1, 1], "texture": "#0"},
				"up": {"uv": [0, 0, 1, 1], "texture": "#0"},
				"down": {"uv": [0, 0, 1, 1], "texture": "#0"}
			}
		},
		{
			"from": [8.25, 5.75, 8.25],
			"to": [8.75, 9.25, 8.75],
			"faces": {
				"north": {"uv": [0, 0, 0.5, 3.5], "texture": "#0"},
				"east": {"uv": [0, 0, 0.5, 3.5], "texture": "#0"},
				"south": {"uv": [0, 0, 4, 11], "texture": "#0"},
				"west": {"uv": [0, 0, 0.5, 3.5], "texture": "#0"},
				"up": {"uv": [0, 0, 0.5, 0.5], "texture": "#0"},
				"down": {"uv": [0, 0, 0.5, 0.5], "texture": "#0"}
			}
		},
		{
			"from": [7.9, 9.6, 8.25],
			"to": [8.725, 10.15, 8.75],
			"faces": {
				"north": {"uv": [0, 0, 0.825, 0.55], "texture": "#2"},
				"east": {"uv": [0, 0, 0.5, 0.55], "texture": "#2"},
				"south": {"uv": [0, 0, 4, 8.55], "texture": "#2"},
				"west": {"uv": [0, 0, 0.5, 0.55], "texture": "#2"},
				"up": {"uv": [0, 0, 0.825, 0.5], "texture": "#2"},
				"down": {"uv": [0, 0, 0.825, 0.5], "texture": "#2"}
			}
		},
		{
			"from": [11.42515, 3.80795, 7.75],
			"to": [11.92515, 6.80795, 9.25],
			"rotation": {"angle": 22.5, "axis": "z", "origin": [0.17515, -0.19205, 0]},
			"faces": {
				"north": {"uv": [0, 0, 0.5, 3], "texture": "#0"},
				"east": {"uv": [0, 0, 1.5, 3], "texture": "#0"},
				"south": {"uv": [0, 0, 4, 11], "texture": "#0"},
				"west": {"uv": [0, 0, 1.5, 3], "texture": "#0"},
				"up": {"uv": [0, 0, 0.5, 1.5], "texture": "#0"},
				"down": {"uv": [0, 0, 0.5, 1.5], "texture": "#0"}
			}
		},
		{
			"from": [9, 6, 7.75],
			"to": [9.5, 8, 9.25],
			"faces": {
				"north": {"uv": [0, 0, 0.5, 2], "texture": "#0"},
				"east": {"uv": [0, 0, 1.5, 2], "texture": "#0"},
				"south": {"uv": [0, 0, 4, 10], "texture": "#0"},
				"west": {"uv": [0, 0, 1.5, 2], "texture": "#0"},
				"up": {"uv": [0, 0, 0.5, 1.5], "texture": "#0"},
				"down": {"uv": [0, 0, 0.5, 1.5], "texture": "#0"}
			}
		},
		{
			"from": [5.93593, 7.84589, 7.75],
			"to": [6.43593, 9.09589, 9.25],
			"rotation": {"angle": -22.5, "axis": "z", "origin": [0.18593, -0.15411, 0]},
			"faces": {
				"north": {"uv": [0, 0, 0.5, 1.25], "texture": "#0"},
				"east": {"uv": [0, 0, 1.5, 1.25], "texture": "#0"},
				"south": {"uv": [0, 0, 4, 9.25], "texture": "#0"},
				"west": {"uv": [0, 0, 1.5, 1.25], "texture": "#0"},
				"up": {"uv": [0, 0, 0.5, 1.5], "texture": "#0"},
				"down": {"uv": [0, 0, 0.5, 1.5], "texture": "#0"}
			}
		},
		{
			"name": "siekacz",
			"from": [8.775, 10.25, 8.25],
			"to": [8.85, 24.6, 8.75],
			"faces": {
				"north": {"uv": [0, 0, 0.075, 14.35], "texture": "#2"},
				"east": {"uv": [0, 0, 0.5, 14.35], "texture": "#2"},
				"south": {"uv": [0, 0, 0.075, 14.35], "texture": "#2"},
				"west": {"uv": [0, 0, 0.5, 14.35], "texture": "#2"},
				"up": {"uv": [0, 0, 0.075, 0.5], "texture": "#2"},
				"down": {"uv": [0, 0, 0.075, 0.5], "texture": "#2"}
			}
		},
		{
			"from": [8.3, 10.25, 8.25],
			"to": [8.8, 24.65, 8.75],
			"faces": {
				"north": {"uv": [0, 0, 0.5, 14.4], "texture": "#1"},
				"east": {"uv": [0, 0, 0.5, 14.4], "texture": "#1"},
				"south": {"uv": [0, 0, 0.5, 14.4], "texture": "#1"},
				"west": {"uv": [0, 0, 0.5, 14.4], "texture": "#1"},
				"up": {"uv": [0, 0, 0.5, 0.5], "texture": "#1"},
				"down": {"uv": [0, 0, 0.5, 0.5], "texture": "#1"}
			}
		},
		{
			"name": "siekacz",
			"from": [15.8447, 20.03391, 8.25],
			"to": [15.8947, 20.78391, 8.75],
			"rotation": {"angle": 22.5, "axis": "z", "origin": [0.8947, 4.60891, 0]},
			"faces": {
				"north": {"uv": [0, 0, 0.05, 0.75], "texture": "#2"},
				"east": {"uv": [0, 0, 0.5, 0.75], "texture": "#2"},
				"south": {"uv": [0, 0, 0.05, 0.75], "texture": "#2"},
				"west": {"uv": [0, 0, 0.5, 0.75], "texture": "#2"},
				"up": {"uv": [0, 0, 0.05, 0.5], "texture": "#2"},
				"down": {"uv": [0, 0, 0.05, 0.5], "texture": "#2"}
			}
		},
		{
			"from": [15.60065, 20.03775, 8.25],
			"to": [15.85065, 20.78775, 8.75],
			"rotation": {"angle": 22.5, "axis": "z", "origin": [0.90065, 4.61275, 0]},
			"faces": {
				"north": {"uv": [0, 0, 0.25, 0.75], "texture": "#1"},
				"east": {"uv": [0, 0, 0.5, 0.75], "texture": "#1"},
				"south": {"uv": [0, 0, 0.25, 0.75], "texture": "#1"},
				"west": {"uv": [0, 0, 0.5, 0.75], "texture": "#1"},
				"up": {"uv": [0, 0, 0.25, 0.5], "texture": "#1"},
				"down": {"uv": [0, 0, 0.25, 0.5], "texture": "#1"}
			}
		},
		{
			"from": [8.30065, 24.43775, 8.25],
			"to": [8.55065, 25.18775, 8.75],
			"rotation": {"angle": 0, "axis": "z", "origin": [0.90065, 4.61275, 0]},
			"faces": {
				"north": {"uv": [0, 0, 0.25, 0.75], "texture": "#1"},
				"east": {"uv": [0, 0, 0.5, 0.75], "texture": "#1"},
				"south": {"uv": [0, 0, 0.25, 0.75], "texture": "#1"},
				"west": {"uv": [0, 0, 0.5, 0.75], "texture": "#1"},
				"up": {"uv": [0, 0, 0.25, 0.5], "texture": "#1"},
				"down": {"uv": [0, 0, 0.25, 0.5], "texture": "#1"}
			}
		},
		{
			"from": [8.30065, 24.36275, 8.25],
			"to": [8.60065, 25.11275, 8.75],
			"rotation": {"angle": 0, "axis": "z", "origin": [0.90065, 4.61275, 0]},
			"faces": {
				"north": {"uv": [0, 0, 0.3, 0.75], "texture": "#1"},
				"east": {"uv": [0, 0, 0.5, 0.75], "texture": "#1"},
				"south": {"uv": [0, 0, 0.3, 0.75], "texture": "#1"},
				"west": {"uv": [0, 0, 0.5, 0.75], "texture": "#1"},
				"up": {"uv": [0, 0, 0.3, 0.5], "texture": "#1"},
				"down": {"uv": [0, 0, 0.3, 0.5], "texture": "#1"}
			}
		}
	],
	"display": {
		"thirdperson_righthand": {
			"rotation": [0, 90, 0],
			"translation": [0, -1.5, 0.75],
			"scale": [1.5, 1.5, 1.5]
		},
		"thirdperson_lefthand": {
			"rotation": [0, -90, 0],
			"translation": [0, -1.25, 0.5],
			"scale": [1.5, 1.5, 1.5]
		},
		"firstperson_righthand": {
			"rotation": [0, 84, 0],
			"translation": [3.25, 0, 0],
			"scale": [0.93, 0.93, 0.93]
		},
		"firstperson_lefthand": {
			"rotation": [0, -118, 0],
			"translation": [4.5, 0, 0],
			"scale": [0.94, 0.94, 0.94]
		},
		"ground": {
			"rotation": [0, 0, 46]
		},
		"gui": {
			"rotation": [18, 2, 41],
			"translation": [3, -3.75, 0],
			"scale": [0.76, 0.76, 0.76]
		},
		"head": {
			"translation": [0, 12, 0]
		},
		"fixed": {
			"translation": [0, -6, -0.75],
			"scale": [0.88, 0.88, 0.88]
		}
	},
	"groups": [
		{
			"name": "reka",
			"origin": [0, 0, 0],
			"color": 0,
			"children": [0, 1, 2, 3, 4, 5, 6]
		},
		{
			"name": "group",
			"origin": [0, 0, 0],
			"color": 0,
			"children": [7, 8, 9, 10, 11, 12]
		}
	]
}