{
	"credit": "Made with Blockbench",
	"textures": {
		"1": "stp/item_skin/miecze/pala",
		"2": "stp/item_skin/miecze/pala1",
		"3": "stp/item_skin/miecze/pala2",
		"4": "stp/item_skin/miecze/pala3",
		"5": "stp/item_skin/miecze/pala4",
		"6": "stp/item_skin/miecze/pala5",
		"particle": "stp/item_skin/miecze/pala1"
	},
	"elements": [
		{
			"name": "bone",
			"from": [7.3, 18.2, 11.8],
			"to": [8.3, 19.3, 13],
			"shade": false,
			"rotation": {"angle": 0, "axis": "y", "origin": [12, 6.2, 33]},
			"faces": {
				"north": {"uv": [6.9375, 8.3125, 7.4375, 8.875], "texture": "#1"},
				"east": {"uv": [5.0625, 7.3125, 5.6875, 7.875], "texture": "#1"},
				"south": {"uv": [7.5625, 8.3125, 8.0625, 8.875], "texture": "#1"},
				"west": {"uv": [7.75, 6.75, 8.375, 7.3125], "texture": "#1"},
				"up": {"uv": [3.75, 9.1875, 3.25, 8.5625], "texture": "#1"},
				"down": {"uv": [9.75, 1.75, 9.25, 2.375], "texture": "#1"}
			}
		},
		{
			"name": "bone",
			"from": [7.5, 14.9, 11.9],
			"to": [8.5, 16.8, 12.9],
			"shade": false,
			"rotation": {"angle": 0, "axis": "y", "origin": [12, 6.2, 33]},
			"faces": {
				"north": {"uv": [8.4375, 5.0625, 8.9375, 6], "texture": "#1"},
				"east": {"uv": [0.1875, 7.875, 0.6875, 8.8125], "texture": "#1"},
				"south": {"uv": [9.3125, 1.6875, 9.8125, 2.625], "texture": "#1"},
				"west": {"uv": [0.9375, 7.875, 1.4375, 8.8125], "texture": "#1"},
				"up": {"uv": [9.1875, 2.4375, 8.6875, 1.9375], "texture": "#1"},
				"down": {"uv": [8.9375, 3.6875, 8.4375, 4.1875], "texture": "#1"}
			}
		},
		{
			"name": "bone",
			"from": [3.5, 14.9, 11.9],
			"to": [4.5, 16.8, 12.9],
			"shade": false,
			"rotation": {"angle": 0, "axis": "y", "origin": [12, 6.2, 33]},
			"faces": {
				"north": {"uv": [0.0625, 7.9375, 0.5625, 8.875], "texture": "#1"},
				"east": {"uv": [9.125, 1.5625, 9.625, 2.5], "texture": "#1"},
				"south": {"uv": [0.625, 7.9375, 1.125, 8.875], "texture": "#1"},
				"west": {"uv": [1.1875, 8, 1.6875, 8.9375], "texture": "#1"},
				"up": {"uv": [8.625, 4.125, 8.125, 3.625], "texture": "#1"},
				"down": {"uv": [8.875, 5.125, 8.375, 5.625], "texture": "#1"}
			}
		},
		{
			"name": "bone",
			"from": [3.7, 18.2, 11.8],
			"to": [4.7, 19.3, 13],
			"shade": false,
			"rotation": {"angle": 0, "axis": "y", "origin": [12, 6.2, 33]},
			"faces": {
				"north": {"uv": [7.875, 5.375, 8.375, 5.9375], "texture": "#1"},
				"east": {"uv": [7.9375, 3.875, 8.5625, 4.4375], "texture": "#1"},
				"south": {"uv": [7.5, 6.8125, 8, 7.375], "texture": "#1"},
				"west": {"uv": [5.6875, 7.25, 6.3125, 7.8125], "texture": "#1"},
				"up": {"uv": [3.6875, 9.3125, 3.1875, 8.6875], "texture": "#1"},
				"down": {"uv": [4.3125, 8.75, 3.8125, 9.375], "texture": "#1"}
			}
		},
		{
			"name": "bone",
			"from": [8, 16.8, 11.9],
			"to": [9, 18.2, 12.9],
			"shade": false,
			"rotation": {"angle": 0, "axis": "y", "origin": [12, 6.2, 33]},
			"faces": {
				"north": {"uv": [8.5625, 5.25, 9.0625, 5.9375], "texture": "#1"},
				"east": {"uv": [7.75, 5.25, 8.25, 5.9375], "texture": "#1"},
				"south": {"uv": [7.25, 6.8125, 7.75, 7.5], "texture": "#1"},
				"west": {"uv": [7.875, 6.6875, 8.375, 7.375], "texture": "#1"},
				"up": {"uv": [9.6875, 2.375, 9.1875, 1.875], "texture": "#1"},
				"down": {"uv": [10, 2.0625, 9.5, 2.5625], "texture": "#1"}
			}
		},
		{
			"name": "bone",
			"from": [5.2, 10.8, 11.1],
			"to": [6.9, 11.9, 13.4],
			"shade": false,
			"rotation": {"angle": 0, "axis": "y", "origin": [12, 6.2, 33]},
			"faces": {
				"north": {"uv": [5, 3, 5.5, 3.5], "texture": "#1"},
				"east": {"uv": [4, 3, 5, 3.5], "texture": "#1"},
				"south": {"uv": [3.5, 3, 4, 3.5], "texture": "#1"},
				"west": {"uv": [2.5, 3, 3.5, 3.5], "texture": "#1"},
				"up": {"uv": [4, 3, 3.5, 2], "texture": "#1"},
				"down": {"uv": [4.5, 2, 4, 3], "texture": "#1"}
			}
		},
		{
			"name": "bone",
			"from": [5, 0.5, 11],
			"to": [7, 1.9, 13.4],
			"shade": false,
			"rotation": {"angle": 0, "axis": "y", "origin": [12, 6.2, 33]},
			"faces": {
				"north": {"uv": [2.5, 1, 3.5, 1.5], "texture": "#1"},
				"east": {"uv": [4.5, 1, 5.5, 1.5], "texture": "#1"},
				"south": {"uv": [3.5, 1, 4.5, 1.5], "texture": "#1"},
				"west": {"uv": [5.5, 1, 6.5, 1.5], "texture": "#1"},
				"up": {"uv": [4.5, 1, 3.5, 0], "texture": "#1"},
				"down": {"uv": [5.5, 0, 4.5, 1], "texture": "#1"}
			}
		},
		{
			"name": "bone",
			"from": [3, 16.8, 11.9],
			"to": [4, 18.2, 12.9],
			"shade": false,
			"rotation": {"angle": 0, "axis": "y", "origin": [12, 6.2, 33]},
			"faces": {
				"north": {"uv": [0, 8.1875, 0.5, 8.875], "texture": "#1"},
				"east": {"uv": [0.625, 8.1875, 1.125, 8.875], "texture": "#1"},
				"south": {"uv": [1.1875, 8.1875, 1.6875, 8.875], "texture": "#1"},
				"west": {"uv": [1.3125, 8.1875, 1.8125, 8.875], "texture": "#1"},
				"up": {"uv": [9.6875, 2.375, 9.1875, 1.875], "texture": "#1"},
				"down": {"uv": [9.3125, 1.875, 8.8125, 2.375], "texture": "#1"}
			}
		},
		{
			"name": "bone",
			"from": [5.5, 1.5, 11.5],
			"to": [6.5, 14.5, 13],
			"shade": false,
			"rotation": {"angle": 0, "axis": "y", "origin": [12, 6.2, 33]},
			"faces": {
				"north": {"uv": [1.5, 0.5, 2, 7], "texture": "#1"},
				"east": {"uv": [0, 1.8125, 0.5, 7], "texture": "#1"},
				"south": {"uv": [0.5, 0.4375, 1, 7], "texture": "#1"},
				"west": {"uv": [1, 1.68125, 1.49375, 7], "texture": "#1"},
				"up": {"uv": [0.9375, 0.4375, 0.5625, 0.0625], "texture": "#1"},
				"down": {"uv": [7, 2, 6, 4], "texture": "#1"}
			}
		},
		{
			"name": "bone",
			"from": [4.5, 14.1, 11.8],
			"to": [5.5, 15.2, 13],
			"shade": false,
			"rotation": {"angle": 0, "axis": "y", "origin": [12, 6.2, 33]},
			"faces": {
				"north": {"uv": [5.25, 7.3125, 5.75, 7.875], "texture": "#1"},
				"east": {"uv": [8.3125, 5.1875, 8.9375, 5.75], "texture": "#1"},
				"south": {"uv": [7.6875, 5.4375, 8.1875, 6], "texture": "#1"},
				"west": {"uv": [7.75, 6.9375, 8.375, 7.5], "texture": "#1"},
				"up": {"uv": [8.5625, 4.375, 8.0625, 3.75], "texture": "#1"},
				"down": {"uv": [3.9375, 8.625, 3.4375, 9.1875], "texture": "#1"}
			}
		},
		{
			"name": "bone",
			"from": [6.5, 14.1, 11.8],
			"to": [7.5, 15.2, 13],
			"shade": false,
			"rotation": {"angle": 0, "axis": "y", "origin": [12, 6.2, 33]},
			"faces": {
				"north": {"uv": [7.125, 8.4375, 7.625, 9], "texture": "#1"},
				"east": {"uv": [8.75, 1.8125, 9.375, 2.375], "texture": "#1"},
				"south": {"uv": [7.6875, 6.8125, 8.1875, 7.375], "texture": "#1"},
				"west": {"uv": [9.25, 1.75, 9.875, 2.3125], "texture": "#1"},
				"up": {"uv": [5.9375, 7.875, 5.4375, 7.25], "texture": "#1"},
				"down": {"uv": [8.5, 3.75, 8, 4.375], "texture": "#1"}
			}
		},
		{
			"name": "bone2",
			"from": [5.5, 16.4, 12],
			"to": [6.5, 17.4, 13],
			"shade": false,
			"rotation": {"angle": 0, "axis": "y", "origin": [12, 6.2, 33]},
			"faces": {
				"north": {"uv": [5.5625, 5.375, 6.0625, 5.875], "texture": "#2"},
				"east": {"uv": [5.5625, 5.875, 6.0625, 6.375], "texture": "#2"},
				"south": {"uv": [3.1875, 4.0625, 3.6875, 4.5625], "texture": "#2"},
				"west": {"uv": [3.1875, 4.5625, 3.6875, 5.0625], "texture": "#2"},
				"up": {"uv": [3.6875, 4.5625, 3.1875, 4.0625], "texture": "#2"},
				"down": {"uv": [3.6875, 4.5625, 3.1875, 5.0625], "texture": "#2"}
			}
		},
		{
			"name": "bone2",
			"from": [5.5, 16.8, 12.4],
			"to": [6.5, 17.8, 13.4],
			"shade": false,
			"rotation": {"angle": 0, "axis": "y", "origin": [12, 6.2, 33]},
			"faces": {
				"north": {"uv": [5.625, 3.875, 6.125, 4.375], "texture": "#2"},
				"east": {"uv": [5.625, 4.375, 6.125, 4.875], "texture": "#2"},
				"south": {"uv": [6.5, 2.5, 7, 3], "texture": "#2"},
				"west": {"uv": [5.625, 5.375, 6.125, 5.875], "texture": "#2"},
				"up": {"uv": [5.375, 6.3125, 4.875, 5.8125], "texture": "#2"},
				"down": {"uv": [6.125, 5.875, 5.625, 6.375], "texture": "#2"}
			}
		},
		{
			"name": "bone2",
			"from": [5.5, 17.2, 12],
			"to": [6.5, 18.2, 13],
			"shade": false,
			"rotation": {"angle": 0, "axis": "y", "origin": [12, 6.2, 33]},
			"faces": {
				"north": {"uv": [5.0625, 5.875, 5.5625, 6.375], "texture": "#2"},
				"east": {"uv": [5.5625, 5.375, 6.0625, 5.875], "texture": "#2"},
				"south": {"uv": [5.5625, 5.875, 6.0625, 6.375], "texture": "#2"},
				"west": {"uv": [3.0625, 5.6875, 3.5625, 6.1875], "texture": "#2"},
				"up": {"uv": [3.6, 4.80625, 3.1, 4.30625], "texture": "#2"},
				"down": {"uv": [4.0625, 5.6875, 3.5625, 6.1875], "texture": "#2"}
			}
		},
		{
			"name": "bone2",
			"from": [5.5, 16.8, 11.6],
			"to": [6.5, 17.8, 12.6],
			"shade": false,
			"rotation": {"angle": 0, "axis": "y", "origin": [12, 6.2, 33]},
			"faces": {
				"north": {"uv": [8.5, 0.5, 9, 1], "texture": "#2"},
				"east": {"uv": [2.8125, 7.3125, 3.3125, 7.8125], "texture": "#2"},
				"south": {"uv": [7.625, 0, 8.125, 0.5], "texture": "#2"},
				"west": {"uv": [2.6875, 7, 3.1875, 7.5], "texture": "#2"},
				"up": {"uv": [8.125, 1.0625, 7.625, 0.5625], "texture": "#2"},
				"down": {"uv": [3, 7.375, 2.5, 7.875], "texture": "#2"}
			}
		},
		{
			"name": "bone2",
			"from": [5.3, 16.6, 11.8],
			"to": [6.7, 18, 13.2],
			"shade": false,
			"rotation": {"angle": 0, "axis": "y", "origin": [12, 6.2, 33]},
			"faces": {
				"north": {"uv": [3.05, 4.1375, 3.7375, 4.825], "texture": "#2"},
				"east": {"uv": [3, 5.5, 3.6875, 6.1875], "texture": "#2"},
				"south": {"uv": [3.1875, 5.625, 3.875, 6.3125], "texture": "#2"},
				"west": {"uv": [5.625, 4.125, 6.3125, 4.8125], "texture": "#2"},
				"up": {"uv": [5.6875, 6.1875, 5, 5.5], "texture": "#2"},
				"down": {"uv": [6.3, 5.7, 5.6125, 6.3875], "texture": "#2"}
			}
		},
		{
			"name": "bone2",
			"from": [5.1, 16.8, 12],
			"to": [6.1, 17.8, 13],
			"shade": false,
			"rotation": {"angle": 0, "axis": "y", "origin": [12, 6.2, 33]},
			"faces": {
				"north": {"uv": [3.15, 4.25625, 3.65, 4.75625], "texture": "#2"},
				"east": {"uv": [4.89375, 5.8125, 5.39375, 6.3125], "texture": "#2"},
				"south": {"uv": [3.1875, 5.4875, 3.6875, 5.9875], "texture": "#2"},
				"west": {"uv": [5.39375, 5.8125, 5.89375, 6.3125], "texture": "#2"},
				"up": {"uv": [3.66875, 6.45, 3.16875, 5.95], "texture": "#2"},
				"down": {"uv": [6.39375, 5.8125, 5.89375, 6.3125], "texture": "#2"}
			}
		},
		{
			"name": "bone2",
			"from": [5.9, 16.8, 12],
			"to": [6.9, 17.8, 13],
			"shade": false,
			"rotation": {"angle": 0, "axis": "y", "origin": [12, 6.2, 33]},
			"faces": {
				"north": {"uv": [3.125, 4.1875, 3.625, 4.6875], "texture": "#2"},
				"east": {"uv": [4.875, 5.8125, 5.375, 6.3125], "texture": "#2"},
				"south": {"uv": [3.125, 5.4375, 3.625, 5.9375], "texture": "#2"},
				"west": {"uv": [5.375, 5.8125, 5.875, 6.3125], "texture": "#2"},
				"up": {"uv": [3.625, 6.4375, 3.125, 5.9375], "texture": "#2"},
				"down": {"uv": [6.375, 5.8125, 5.875, 6.3125], "texture": "#2"}
			}
		},
		{
			"name": "bone2",
			"from": [5.5, 16.3, 12],
			"to": [6.5, 17.3, 13],
			"shade": false,
			"rotation": {"angle": 0, "axis": "y", "origin": [12, 6.2, 33]},
			"faces": {
				"north": {"uv": [5.5625, 5.375, 6.0625, 5.875], "texture": "#3"},
				"east": {"uv": [5.5625, 5.875, 6.0625, 6.375], "texture": "#3"},
				"south": {"uv": [3.1875, 4.0625, 3.6875, 4.5625], "texture": "#3"},
				"west": {"uv": [3.1875, 4.5625, 3.6875, 5.0625], "texture": "#3"},
				"up": {"uv": [3.6875, 4.5625, 3.1875, 4.0625], "texture": "#3"},
				"down": {"uv": [3.6875, 4.5625, 3.1875, 5.0625], "texture": "#3"}
			}
		},
		{
			"name": "bone2",
			"from": [5.5, 16.7, 12.4],
			"to": [6.5, 17.7, 13.4],
			"shade": false,
			"rotation": {"angle": 0, "axis": "y", "origin": [12, 6.2, 33]},
			"faces": {
				"north": {"uv": [5.625, 3.875, 6.125, 4.375], "texture": "#3"},
				"east": {"uv": [5.625, 4.375, 6.125, 4.875], "texture": "#3"},
				"south": {"uv": [6.5, 2.5, 7, 3], "texture": "#3"},
				"west": {"uv": [5.625, 5.375, 6.125, 5.875], "texture": "#3"},
				"up": {"uv": [5.375, 6.3125, 4.875, 5.8125], "texture": "#3"},
				"down": {"uv": [6.125, 5.875, 5.625, 6.375], "texture": "#3"}
			}
		},
		{
			"name": "bone2",
			"from": [5.5, 17.1, 12],
			"to": [6.5, 18.1, 13],
			"shade": false,
			"rotation": {"angle": 0, "axis": "y", "origin": [12, 6.2, 33]},
			"faces": {
				"north": {"uv": [5.0625, 5.875, 5.5625, 6.375], "texture": "#3"},
				"east": {"uv": [5.5625, 5.375, 6.0625, 5.875], "texture": "#3"},
				"south": {"uv": [5.5625, 5.875, 6.0625, 6.375], "texture": "#3"},
				"west": {"uv": [3.0625, 5.6875, 3.5625, 6.1875], "texture": "#3"},
				"up": {"uv": [3.6, 4.80625, 3.1, 4.30625], "texture": "#3"},
				"down": {"uv": [4.0625, 5.6875, 3.5625, 6.1875], "texture": "#3"}
			}
		},
		{
			"name": "bone2",
			"from": [5.5, 16.7, 11.6],
			"to": [6.5, 17.7, 12.6],
			"shade": false,
			"rotation": {"angle": 0, "axis": "y", "origin": [12, 6.2, 33]},
			"faces": {
				"north": {"uv": [8.5, 0.5, 9, 1], "texture": "#3"},
				"east": {"uv": [2.8125, 7.3125, 3.3125, 7.8125], "texture": "#3"},
				"south": {"uv": [7.625, 0, 8.125, 0.5], "texture": "#3"},
				"west": {"uv": [2.6875, 7, 3.1875, 7.5], "texture": "#3"},
				"up": {"uv": [8.125, 1.0625, 7.625, 0.5625], "texture": "#3"},
				"down": {"uv": [3, 7.375, 2.5, 7.875], "texture": "#3"}
			}
		},
		{
			"name": "bone2",
			"from": [5.3, 16.5, 11.8],
			"to": [6.7, 17.9, 13.2],
			"shade": false,
			"rotation": {"angle": 0, "axis": "y", "origin": [12, 6.2, 33]},
			"faces": {
				"north": {"uv": [3.05, 4.1375, 3.7375, 4.825], "texture": "#3"},
				"east": {"uv": [3, 5.5, 3.6875, 6.1875], "texture": "#3"},
				"south": {"uv": [3.1875, 5.625, 3.875, 6.3125], "texture": "#3"},
				"west": {"uv": [5.625, 4.125, 6.3125, 4.8125], "texture": "#3"},
				"up": {"uv": [5.6875, 6.1875, 5, 5.5], "texture": "#3"},
				"down": {"uv": [6.3, 5.7, 5.6125, 6.3875], "texture": "#3"}
			}
		},
		{
			"name": "bone2",
			"from": [5.1, 16.7, 12],
			"to": [6.1, 17.7, 13],
			"shade": false,
			"rotation": {"angle": 0, "axis": "y", "origin": [12, 6.2, 33]},
			"faces": {
				"north": {"uv": [3.15, 4.25625, 3.65, 4.75625], "texture": "#3"},
				"east": {"uv": [4.89375, 5.8125, 5.39375, 6.3125], "texture": "#3"},
				"south": {"uv": [3.1875, 5.4875, 3.6875, 5.9875], "texture": "#3"},
				"west": {"uv": [5.39375, 5.8125, 5.89375, 6.3125], "texture": "#3"},
				"up": {"uv": [3.66875, 6.45, 3.16875, 5.95], "texture": "#3"},
				"down": {"uv": [6.39375, 5.8125, 5.89375, 6.3125], "texture": "#3"}
			}
		},
		{
			"name": "bone2",
			"from": [5.9, 16.7, 12],
			"to": [6.9, 17.7, 13],
			"shade": false,
			"rotation": {"angle": 0, "axis": "y", "origin": [12, 6.2, 33]},
			"faces": {
				"north": {"uv": [3.125, 4.1875, 3.625, 4.6875], "texture": "#3"},
				"east": {"uv": [4.875, 5.8125, 5.375, 6.3125], "texture": "#3"},
				"south": {"uv": [3.125, 5.4375, 3.625, 5.9375], "texture": "#3"},
				"west": {"uv": [5.375, 5.8125, 5.875, 6.3125], "texture": "#3"},
				"up": {"uv": [3.625, 6.4375, 3.125, 5.9375], "texture": "#3"},
				"down": {"uv": [6.375, 5.8125, 5.875, 6.3125], "texture": "#3"}
			}
		},
		{
			"name": "bone2",
			"from": [5.5, 16.1, 12],
			"to": [6.5, 17.1, 13],
			"shade": false,
			"rotation": {"angle": 0, "axis": "y", "origin": [12, 6.2, 33]},
			"faces": {
				"north": {"uv": [5.5625, 5.375, 6.0625, 5.875], "texture": "#4"},
				"east": {"uv": [5.5625, 5.875, 6.0625, 6.375], "texture": "#4"},
				"south": {"uv": [3.1875, 4.0625, 3.6875, 4.5625], "texture": "#4"},
				"west": {"uv": [3.1875, 4.5625, 3.6875, 5.0625], "texture": "#4"},
				"up": {"uv": [3.6875, 4.5625, 3.1875, 4.0625], "texture": "#4"},
				"down": {"uv": [3.6875, 4.5625, 3.1875, 5.0625], "texture": "#4"}
			}
		},
		{
			"name": "bone2",
			"from": [5.5, 16.5, 12.4],
			"to": [6.5, 17.5, 13.4],
			"shade": false,
			"rotation": {"angle": 0, "axis": "y", "origin": [12, 6.2, 33]},
			"faces": {
				"north": {"uv": [5.625, 3.875, 6.125, 4.375], "texture": "#4"},
				"east": {"uv": [5.625, 4.375, 6.125, 4.875], "texture": "#4"},
				"south": {"uv": [6.5, 2.5, 7, 3], "texture": "#4"},
				"west": {"uv": [5.625, 5.375, 6.125, 5.875], "texture": "#4"},
				"up": {"uv": [5.375, 6.3125, 4.875, 5.8125], "texture": "#4"},
				"down": {"uv": [6.125, 5.875, 5.625, 6.375], "texture": "#4"}
			}
		},
		{
			"name": "bone2",
			"from": [5.5, 16.9, 12],
			"to": [6.5, 17.9, 13],
			"shade": false,
			"rotation": {"angle": 0, "axis": "y", "origin": [12, 6.2, 33]},
			"faces": {
				"north": {"uv": [5.0625, 5.875, 5.5625, 6.375], "texture": "#4"},
				"east": {"uv": [5.5625, 5.375, 6.0625, 5.875], "texture": "#4"},
				"south": {"uv": [5.5625, 5.875, 6.0625, 6.375], "texture": "#4"},
				"west": {"uv": [3.0625, 5.6875, 3.5625, 6.1875], "texture": "#4"},
				"up": {"uv": [3.6, 4.80625, 3.1, 4.30625], "texture": "#4"},
				"down": {"uv": [4.0625, 5.6875, 3.5625, 6.1875], "texture": "#4"}
			}
		},
		{
			"name": "bone2",
			"from": [5.5, 16.5, 11.6],
			"to": [6.5, 17.5, 12.6],
			"shade": false,
			"rotation": {"angle": 0, "axis": "y", "origin": [12, 6.2, 33]},
			"faces": {
				"north": {"uv": [8.5, 0.5, 9, 1], "texture": "#4"},
				"east": {"uv": [2.8125, 7.3125, 3.3125, 7.8125], "texture": "#4"},
				"south": {"uv": [7.625, 0, 8.125, 0.5], "texture": "#4"},
				"west": {"uv": [2.6875, 7, 3.1875, 7.5], "texture": "#4"},
				"up": {"uv": [8.125, 1.0625, 7.625, 0.5625], "texture": "#4"},
				"down": {"uv": [3, 7.375, 2.5, 7.875], "texture": "#4"}
			}
		},
		{
			"name": "bone2",
			"from": [5.3, 16.3, 11.8],
			"to": [6.7, 17.7, 13.2],
			"shade": false,
			"rotation": {"angle": 0, "axis": "y", "origin": [12, 6.2, 33]},
			"faces": {
				"north": {"uv": [3.05, 4.1375, 3.7375, 4.825], "texture": "#4"},
				"east": {"uv": [3, 5.5, 3.6875, 6.1875], "texture": "#4"},
				"south": {"uv": [3.1875, 5.625, 3.875, 6.3125], "texture": "#4"},
				"west": {"uv": [5.625, 4.125, 6.3125, 4.8125], "texture": "#4"},
				"up": {"uv": [5.6875, 6.1875, 5, 5.5], "texture": "#4"},
				"down": {"uv": [6.3, 5.7, 5.6125, 6.3875], "texture": "#4"}
			}
		},
		{
			"name": "bone2",
			"from": [5.1, 16.5, 12],
			"to": [6.1, 17.5, 13],
			"shade": false,
			"rotation": {"angle": 0, "axis": "y", "origin": [12, 6.2, 33]},
			"faces": {
				"north": {"uv": [3.15, 4.25625, 3.65, 4.75625], "texture": "#4"},
				"east": {"uv": [4.89375, 5.8125, 5.39375, 6.3125], "texture": "#4"},
				"south": {"uv": [3.1875, 5.4875, 3.6875, 5.9875], "texture": "#4"},
				"west": {"uv": [5.39375, 5.8125, 5.89375, 6.3125], "texture": "#4"},
				"up": {"uv": [3.66875, 6.45, 3.16875, 5.95], "texture": "#4"},
				"down": {"uv": [6.39375, 5.8125, 5.89375, 6.3125], "texture": "#4"}
			}
		},
		{
			"name": "bone2",
			"from": [5.9, 16.5, 12],
			"to": [6.9, 17.5, 13],
			"shade": false,
			"rotation": {"angle": 0, "axis": "y", "origin": [12, 6.2, 33]},
			"faces": {
				"north": {"uv": [3.125, 4.1875, 3.625, 4.6875], "texture": "#4"},
				"east": {"uv": [4.875, 5.8125, 5.375, 6.3125], "texture": "#4"},
				"south": {"uv": [3.125, 5.4375, 3.625, 5.9375], "texture": "#4"},
				"west": {"uv": [5.375, 5.8125, 5.875, 6.3125], "texture": "#4"},
				"up": {"uv": [3.625, 6.4375, 3.125, 5.9375], "texture": "#4"},
				"down": {"uv": [6.375, 5.8125, 5.875, 6.3125], "texture": "#4"}
			}
		},
		{
			"name": "bone2",
			"from": [5.5, 15.9, 12],
			"to": [6.5, 16.9, 13],
			"shade": false,
			"rotation": {"angle": 0, "axis": "y", "origin": [12, 6.2, 33]},
			"faces": {
				"north": {"uv": [5.5625, 5.375, 6.0625, 5.875], "texture": "#5"},
				"east": {"uv": [5.5625, 5.875, 6.0625, 6.375], "texture": "#5"},
				"south": {"uv": [3.1875, 4.0625, 3.6875, 4.5625], "texture": "#5"},
				"west": {"uv": [3.1875, 4.5625, 3.6875, 5.0625], "texture": "#5"},
				"up": {"uv": [3.6875, 4.5625, 3.1875, 4.0625], "texture": "#5"},
				"down": {"uv": [3.6875, 4.5625, 3.1875, 5.0625], "texture": "#5"}
			}
		},
		{
			"name": "bone2",
			"from": [5.5, 16.3, 12.4],
			"to": [6.5, 17.3, 13.4],
			"shade": false,
			"rotation": {"angle": 0, "axis": "y", "origin": [12, 6.2, 33]},
			"faces": {
				"north": {"uv": [5.625, 3.875, 6.125, 4.375], "texture": "#5"},
				"east": {"uv": [5.625, 4.375, 6.125, 4.875], "texture": "#5"},
				"south": {"uv": [6.5, 2.5, 7, 3], "texture": "#5"},
				"west": {"uv": [5.625, 5.375, 6.125, 5.875], "texture": "#5"},
				"up": {"uv": [5.375, 6.3125, 4.875, 5.8125], "texture": "#5"},
				"down": {"uv": [6.125, 5.875, 5.625, 6.375], "texture": "#5"}
			}
		},
		{
			"name": "bone2",
			"from": [5.5, 16.7, 12],
			"to": [6.5, 17.7, 13],
			"shade": false,
			"rotation": {"angle": 0, "axis": "y", "origin": [12, 6.2, 33]},
			"faces": {
				"north": {"uv": [5.0625, 5.875, 5.5625, 6.375], "texture": "#5"},
				"east": {"uv": [5.5625, 5.375, 6.0625, 5.875], "texture": "#5"},
				"south": {"uv": [5.5625, 5.875, 6.0625, 6.375], "texture": "#5"},
				"west": {"uv": [3.0625, 5.6875, 3.5625, 6.1875], "texture": "#5"},
				"up": {"uv": [3.6, 4.80625, 3.1, 4.30625], "texture": "#5"},
				"down": {"uv": [4.0625, 5.6875, 3.5625, 6.1875], "texture": "#5"}
			}
		},
		{
			"name": "bone2",
			"from": [5.5, 16.3, 11.6],
			"to": [6.5, 17.3, 12.6],
			"shade": false,
			"rotation": {"angle": 0, "axis": "y", "origin": [12, 6.2, 33]},
			"faces": {
				"north": {"uv": [8.5, 0.5, 9, 1], "texture": "#5"},
				"east": {"uv": [2.8125, 7.3125, 3.3125, 7.8125], "texture": "#5"},
				"south": {"uv": [7.625, 0, 8.125, 0.5], "texture": "#5"},
				"west": {"uv": [2.6875, 7, 3.1875, 7.5], "texture": "#5"},
				"up": {"uv": [8.125, 1.0625, 7.625, 0.5625], "texture": "#5"},
				"down": {"uv": [3, 7.375, 2.5, 7.875], "texture": "#5"}
			}
		},
		{
			"name": "bone2",
			"from": [5.3, 16.1, 11.8],
			"to": [6.7, 17.5, 13.2],
			"shade": false,
			"rotation": {"angle": 0, "axis": "y", "origin": [12, 6.2, 33]},
			"faces": {
				"north": {"uv": [3.05, 4.1375, 3.7375, 4.825], "texture": "#5"},
				"east": {"uv": [3, 5.5, 3.6875, 6.1875], "texture": "#5"},
				"south": {"uv": [3.1875, 5.625, 3.875, 6.3125], "texture": "#5"},
				"west": {"uv": [5.625, 4.125, 6.3125, 4.8125], "texture": "#5"},
				"up": {"uv": [5.6875, 6.1875, 5, 5.5], "texture": "#5"},
				"down": {"uv": [6.3, 5.7, 5.6125, 6.3875], "texture": "#5"}
			}
		},
		{
			"name": "bone2",
			"from": [5.1, 16.3, 12],
			"to": [6.1, 17.3, 13],
			"shade": false,
			"rotation": {"angle": 0, "axis": "y", "origin": [12, 6.2, 33]},
			"faces": {
				"north": {"uv": [3.15, 4.25625, 3.65, 4.75625], "texture": "#5"},
				"east": {"uv": [4.89375, 5.8125, 5.39375, 6.3125], "texture": "#5"},
				"south": {"uv": [3.1875, 5.4875, 3.6875, 5.9875], "texture": "#5"},
				"west": {"uv": [5.39375, 5.8125, 5.89375, 6.3125], "texture": "#5"},
				"up": {"uv": [3.66875, 6.45, 3.16875, 5.95], "texture": "#5"},
				"down": {"uv": [6.39375, 5.8125, 5.89375, 6.3125], "texture": "#5"}
			}
		},
		{
			"name": "bone2",
			"from": [5.9, 16.3, 12],
			"to": [6.9, 17.3, 13],
			"shade": false,
			"rotation": {"angle": 0, "axis": "y", "origin": [12, 6.2, 33]},
			"faces": {
				"north": {"uv": [3.125, 4.1875, 3.625, 4.6875], "texture": "#5"},
				"east": {"uv": [4.875, 5.8125, 5.375, 6.3125], "texture": "#5"},
				"south": {"uv": [3.125, 5.4375, 3.625, 5.9375], "texture": "#5"},
				"west": {"uv": [5.375, 5.8125, 5.875, 6.3125], "texture": "#5"},
				"up": {"uv": [3.625, 6.4375, 3.125, 5.9375], "texture": "#5"},
				"down": {"uv": [6.375, 5.8125, 5.875, 6.3125], "texture": "#5"}
			}
		},
		{
			"name": "bone2",
			"from": [5.5, 15.8, 12],
			"to": [6.5, 16.8, 13],
			"shade": false,
			"rotation": {"angle": 0, "axis": "y", "origin": [12, 6.2, 33]},
			"faces": {
				"north": {"uv": [5.5625, 5.375, 6.0625, 5.875], "texture": "#6"},
				"east": {"uv": [5.5625, 5.875, 6.0625, 6.375], "texture": "#6"},
				"south": {"uv": [3.1875, 4.0625, 3.6875, 4.5625], "texture": "#6"},
				"west": {"uv": [3.1875, 4.5625, 3.6875, 5.0625], "texture": "#6"},
				"up": {"uv": [3.6875, 4.5625, 3.1875, 4.0625], "texture": "#6"},
				"down": {"uv": [3.6875, 4.5625, 3.1875, 5.0625], "texture": "#6"}
			}
		},
		{
			"name": "bone2",
			"from": [5.5, 16.2, 12.4],
			"to": [6.5, 17.2, 13.4],
			"shade": false,
			"rotation": {"angle": 0, "axis": "y", "origin": [12, 6.2, 33]},
			"faces": {
				"north": {"uv": [5.625, 3.875, 6.125, 4.375], "texture": "#6"},
				"east": {"uv": [5.625, 4.375, 6.125, 4.875], "texture": "#6"},
				"south": {"uv": [6.5, 2.5, 7, 3], "texture": "#6"},
				"west": {"uv": [5.625, 5.375, 6.125, 5.875], "texture": "#6"},
				"up": {"uv": [5.375, 6.3125, 4.875, 5.8125], "texture": "#6"},
				"down": {"uv": [6.125, 5.875, 5.625, 6.375], "texture": "#6"}
			}
		},
		{
			"name": "bone2",
			"from": [5.5, 16.6, 12],
			"to": [6.5, 17.6, 13],
			"shade": false,
			"rotation": {"angle": 0, "axis": "y", "origin": [12, 6.2, 33]},
			"faces": {
				"north": {"uv": [5.0625, 5.875, 5.5625, 6.375], "texture": "#6"},
				"east": {"uv": [5.5625, 5.375, 6.0625, 5.875], "texture": "#6"},
				"south": {"uv": [5.5625, 5.875, 6.0625, 6.375], "texture": "#6"},
				"west": {"uv": [3.0625, 5.6875, 3.5625, 6.1875], "texture": "#6"},
				"up": {"uv": [3.6, 4.80625, 3.1, 4.30625], "texture": "#6"},
				"down": {"uv": [4.0625, 5.6875, 3.5625, 6.1875], "texture": "#6"}
			}
		},
		{
			"name": "bone2",
			"from": [5.5, 16.2, 11.6],
			"to": [6.5, 17.2, 12.6],
			"shade": false,
			"rotation": {"angle": 0, "axis": "y", "origin": [12, 6.2, 33]},
			"faces": {
				"north": {"uv": [8.5, 0.5, 9, 1], "texture": "#6"},
				"east": {"uv": [2.8125, 7.3125, 3.3125, 7.8125], "texture": "#6"},
				"south": {"uv": [7.625, 0, 8.125, 0.5], "texture": "#6"},
				"west": {"uv": [2.6875, 7, 3.1875, 7.5], "texture": "#6"},
				"up": {"uv": [8.125, 1.0625, 7.625, 0.5625], "texture": "#6"},
				"down": {"uv": [3, 7.375, 2.5, 7.875], "texture": "#6"}
			}
		},
		{
			"name": "bone2",
			"from": [5.3, 16, 11.8],
			"to": [6.7, 17.4, 13.2],
			"shade": false,
			"rotation": {"angle": 0, "axis": "y", "origin": [12, 6.2, 33]},
			"faces": {
				"north": {"uv": [3.05, 4.1375, 3.7375, 4.825], "texture": "#6"},
				"east": {"uv": [3, 5.5, 3.6875, 6.1875], "texture": "#6"},
				"south": {"uv": [3.1875, 5.625, 3.875, 6.3125], "texture": "#6"},
				"west": {"uv": [5.625, 4.125, 6.3125, 4.8125], "texture": "#6"},
				"up": {"uv": [5.6875, 6.1875, 5, 5.5], "texture": "#6"},
				"down": {"uv": [6.3, 5.7, 5.6125, 6.3875], "texture": "#6"}
			}
		},
		{
			"name": "bone2",
			"from": [5.1, 16.2, 12],
			"to": [6.1, 17.2, 13],
			"shade": false,
			"rotation": {"angle": 0, "axis": "y", "origin": [12, 6.2, 33]},
			"faces": {
				"north": {"uv": [3.15, 4.25625, 3.65, 4.75625], "texture": "#6"},
				"east": {"uv": [4.89375, 5.8125, 5.39375, 6.3125], "texture": "#6"},
				"south": {"uv": [3.1875, 5.4875, 3.6875, 5.9875], "texture": "#6"},
				"west": {"uv": [5.39375, 5.8125, 5.89375, 6.3125], "texture": "#6"},
				"up": {"uv": [3.66875, 6.45, 3.16875, 5.95], "texture": "#6"},
				"down": {"uv": [6.39375, 5.8125, 5.89375, 6.3125], "texture": "#6"}
			}
		},
		{
			"name": "bone2",
			"from": [5.9, 16.2, 12],
			"to": [6.9, 17.2, 13],
			"shade": false,
			"rotation": {"angle": 0, "axis": "y", "origin": [12, 6.2, 33]},
			"faces": {
				"north": {"uv": [3.125, 4.1875, 3.625, 4.6875], "texture": "#6"},
				"east": {"uv": [4.875, 5.8125, 5.375, 6.3125], "texture": "#6"},
				"south": {"uv": [3.125, 5.4375, 3.625, 5.9375], "texture": "#6"},
				"west": {"uv": [5.375, 5.8125, 5.875, 6.3125], "texture": "#6"},
				"up": {"uv": [3.625, 6.4375, 3.125, 5.9375], "texture": "#6"},
				"down": {"uv": [6.375, 5.8125, 5.875, 6.3125], "texture": "#6"}
			}
		}
	],
	"display": {
		"thirdperson_righthand": {
			"rotation": [0, 90, 0],
			"translation": [-4.25, -1.25, -2]
		},
		"thirdperson_lefthand": {
			"rotation": [0, 90, 0],
			"translation": [-4.25, -1.25, 2]
		},
		"firstperson_righthand": {
			"rotation": [0, 90, 0],
			"translation": [-3.25, 4.25, 0],
			"scale": [0.81, 0.81, 0.81]
		},
		"firstperson_lefthand": {
			"rotation": [0, 90, 0],
			"translation": [-3.25, 4.25, 3.25],
			"scale": [0.81, 0.81, 0.81]
		},
		"ground": {
			"translation": [2.75, 0, -3.75]
		},
		"gui": {
			"translation": [1.25, -2, 0]
		},
		"fixed": {
			"translation": [1.5, -1.75, -6]
		}
	},
	"groups": [
		{
			"name": "group",
			"origin": [8, 8, 8],
			"color": 0,
			"nbt": "{}",
			"armAnimationEnabled": false,
			"children": [
				{
					"name": "bone",
					"origin": [12, 6.2, 33],
					"color": 1,
					"nbt": "{}",
					"armAnimationEnabled": false,
					"shade": false,
					"children": [0, 1, 2, 3, 4, 5, 6, 7, 8, 9, 10]
				}
			]
		},
		{
			"name": "pala1",
			"origin": [12.1, 6.2, 33],
			"color": 0,
			"nbt": "{}",
			"armAnimationEnabled": false,
			"shade": false,
			"children": [11, 12, 13, 14, 15, 16, 17]
		},
		{
			"name": "pala2",
			"origin": [12.1, 6.2, 33],
			"color": 0,
			"nbt": "{}",
			"armAnimationEnabled": false,
			"shade": false,
			"children": [18, 19, 20, 21, 22, 23, 24]
		},
		{
			"name": "pala3",
			"origin": [12.1, 6.2, 33],
			"color": 0,
			"nbt": "{}",
			"armAnimationEnabled": false,
			"shade": false,
			"children": [25, 26, 27, 28, 29, 30, 31]
		},
		{
			"name": "pala4",
			"origin": [12.1, 6.2, 33],
			"color": 0,
			"nbt": "{}",
			"armAnimationEnabled": false,
			"shade": false,
			"children": [32, 33, 34, 35, 36, 37, 38]
		},
		{
			"name": "pala5",
			"origin": [12.1, 6.2, 33],
			"color": 0,
			"nbt": "{}",
			"armAnimationEnabled": false,
			"shade": false,
			"children": [39, 40, 41, 42, 43, 44, 45]
		}
	]
}