{
	"credit": "Made with Blockbench",
	"textures": {
		"0": "block/black_concrete",
		"1": "block/cyan_concrete",
		"2": "block/light_blue_concrete",
		"3": "block/white_concrete",
		"4": "block/barrel_top",
		"particle": "block/black_concrete"
	},
	"elements": [
		{
			"from": [8.25, -2.5, 6.25],
			"to": [8.75, 13.5, 8.75],
			"faces": {
				"north": {"uv": [0, 0, 0.5, 16], "texture": "#0"},
				"east": {"uv": [0, 0, 2.5, 16], "texture": "#0"},
				"south": {"uv": [0, 0, 0.5, 16], "texture": "#0"},
				"west": {"uv": [0, 0, 2.5, 16], "texture": "#0"},
				"up": {"uv": [0, 0, 0.5, 2.5], "texture": "#0"},
				"down": {"uv": [0, 0, 0.5, 2.5], "texture": "#0"}
			}
		},
		{
			"from": [8.3, -2.5, 8.75],
			"to": [8.7, 14.675, 9.25],
			"faces": {
				"north": {"uv": [0, 0, 0.4, 16], "texture": "#0"},
				"east": {"uv": [0, 0, 0.5, 16], "texture": "#0"},
				"south": {"uv": [0, 0, 0.4, 16], "texture": "#0"},
				"west": {"uv": [0, 0, 0.5, 16], "texture": "#0"},
				"up": {"uv": [0, 0, 0.4, 0.5], "texture": "#0"},
				"down": {"uv": [0, 0, 0.4, 0.5], "texture": "#0"}
			}
		},
		{
			"from": [8.35, -2.5, 9.25],
			"to": [8.65, 14.2, 9.75],
			"faces": {
				"north": {"uv": [0, 0, 0.3, 16], "texture": "#0"},
				"east": {"uv": [0, 0, 0.5, 16], "texture": "#0"},
				"south": {"uv": [0, 0, 0.3, 16], "texture": "#0"},
				"west": {"uv": [0, 0, 0.5, 16], "texture": "#0"},
				"up": {"uv": [0, 0, 0.3, 0.5], "texture": "#0"},
				"down": {"uv": [0, 0, 0.3, 0.5], "texture": "#0"}
			}
		},
		{
			"from": [8.425, -2.5, 9.75],
			"to": [8.6, 13.775, 10.25],
			"faces": {
				"north": {"uv": [0, 0, 0.175, 16], "texture": "#0"},
				"east": {"uv": [0, 0, 0.5, 16], "texture": "#0"},
				"south": {"uv": [0, 0, 0.175, 16], "texture": "#0"},
				"west": {"uv": [0, 0, 0.5, 16], "texture": "#0"},
				"up": {"uv": [0, 0, 0.175, 0.5], "texture": "#0"},
				"down": {"uv": [0, 0, 0.175, 0.5], "texture": "#0"}
			}
		},
		{
			"from": [8.475, -2.5, 10.25],
			"to": [8.55, 13.5, 10.75],
			"faces": {
				"north": {"uv": [0, 0, 0.075, 16], "texture": "#0"},
				"east": {"uv": [0, 0, 0.5, 16], "texture": "#0"},
				"south": {"uv": [0, 0, 0.075, 16], "texture": "#0"},
				"west": {"uv": [0, 0, 0.5, 16], "texture": "#0"},
				"up": {"uv": [0, 0, 0.075, 0.5], "texture": "#0"},
				"down": {"uv": [0, 0, 0.075, 0.5], "texture": "#0"}
			}
		},
		{
			"from": [8.5, -2.5, 10.75],
			"to": [8.525, 13.5, 11.25],
			"faces": {
				"north": {"uv": [0, 0, 0.025, 16], "texture": "#0"},
				"east": {"uv": [0, 0, 0.5, 16], "texture": "#0"},
				"south": {"uv": [0, 0, 0.025, 16], "texture": "#0"},
				"west": {"uv": [0, 0, 0.5, 16], "texture": "#0"},
				"up": {"uv": [0, 0, 0.025, 0.5], "texture": "#0"},
				"down": {"uv": [0, 0, 0.025, 0.5], "texture": "#0"}
			}
		},
		{
			"from": [8.25, 13.5, 6.25],
			"to": [8.75, 14.7, 8.75],
			"rotation": {"angle": 0, "axis": "x", "origin": [8.5, 14.025, 9.15]},
			"faces": {
				"north": {"uv": [0, 0, 0.5, 1.2], "texture": "#0"},
				"east": {"uv": [0, 0, 2.5, 1.2], "texture": "#0"},
				"south": {"uv": [0, 0, 0.5, 1.2], "texture": "#0"},
				"west": {"uv": [0, 0, 2.5, 1.2], "texture": "#0"},
				"up": {"uv": [0, 0, 0.5, 2.5], "texture": "#0"},
				"down": {"uv": [0, 0, 0.5, 2.5], "texture": "#0"}
			}
		},
		{
			"from": [8.5, 14.35122, 6.27378],
			"to": [8.525, 17.60122, 7.14878],
			"rotation": {"angle": 0, "axis": "x", "origin": [8.5125, 16.47622, 6.46128]},
			"faces": {
				"north": {"uv": [0, 0, 0.025, 3.25], "texture": "#0"},
				"east": {"uv": [0, 0, 0.875, 3.25], "texture": "#0"},
				"south": {"uv": [0, 0, 0.025, 3.25], "texture": "#0"},
				"west": {"uv": [0, 0, 0.875, 3.25], "texture": "#0"},
				"up": {"uv": [0, 0, 0.025, 0.875], "texture": "#0"},
				"down": {"uv": [0, 0, 0.025, 0.875], "texture": "#0"}
			}
		},
		{
			"from": [8.5, 13.10122, 7.14878],
			"to": [8.525, 16.35122, 8.19878],
			"rotation": {"angle": 0, "axis": "y", "origin": [8.5125, 16.47622, 6.46128]},
			"faces": {
				"north": {"uv": [0, 0, 0.025, 3.25], "texture": "#0"},
				"east": {"uv": [0, 0, 1.05, 3.25], "texture": "#0"},
				"south": {"uv": [0, 0, 0.025, 3.25], "texture": "#0"},
				"west": {"uv": [0, 0, 1.05, 3.25], "texture": "#0"},
				"up": {"uv": [0, 0, 0.025, 1.05], "texture": "#0"},
				"down": {"uv": [0, 0, 0.025, 1.05], "texture": "#0"}
			}
		},
		{
			"from": [8.5, 13.10122, 8.19878],
			"to": [8.525, 15.15122, 8.67378],
			"rotation": {"angle": 0, "axis": "y", "origin": [8.5125, 16.47622, 6.46128]},
			"faces": {
				"north": {"uv": [0, 0, 0.025, 2.05], "texture": "#0"},
				"east": {"uv": [0, 0, 0.475, 2.05], "texture": "#0"},
				"south": {"uv": [0, 0, 0.025, 2.05], "texture": "#0"},
				"west": {"uv": [0, 0, 0.475, 2.05], "texture": "#0"},
				"up": {"uv": [0, 0, 0.025, 0.475], "texture": "#0"},
				"down": {"uv": [0, 0, 0.025, 0.475], "texture": "#0"}
			}
		},
		{
			"from": [8.5, 16.61508, 6.74031],
			"to": [8.525, 17.61508, 12.54031],
			"rotation": {"angle": 45, "axis": "x", "origin": [8.5, 17.11508, 6.92781]},
			"faces": {
				"north": {"uv": [0, 0, 0.025, 1], "texture": "#0"},
				"east": {"uv": [0, 0, 5.8, 1], "texture": "#0"},
				"south": {"uv": [0, 0, 0.025, 1], "texture": "#0"},
				"west": {"uv": [0, 0, 5.8, 1], "texture": "#0"},
				"up": {"uv": [0, 0, 0.025, 5.8], "texture": "#0"},
				"down": {"uv": [0, 0, 0.025, 5.8], "texture": "#0"}
			}
		},
		{
			"from": [8.5, -7.675, 8.25],
			"to": [8.75, -3, 8.75],
			"faces": {
				"north": {"uv": [0, 0, 0.25, 4.675], "texture": "#4"},
				"east": {"uv": [0, 0, 0.5, 4.675], "texture": "#4"},
				"south": {"uv": [0, 0, 0.25, 4.675], "texture": "#4"},
				"west": {"uv": [0, 0, 0.5, 4.675], "texture": "#4"},
				"up": {"uv": [0, 0, 0.25, 0.5], "texture": "#4"},
				"down": {"uv": [0, 0, 0.25, 0.5], "texture": "#4"}
			}
		},
		{
			"from": [8.25, -7.925, 8],
			"to": [9, -7.5, 9],
			"faces": {
				"north": {"uv": [0, 0, 0.75, 0.425], "texture": "#4"},
				"east": {"uv": [0, 0, 1, 0.425], "texture": "#4"},
				"south": {"uv": [0, 0, 0.75, 0.425], "texture": "#4"},
				"west": {"uv": [0, 0, 1, 0.425], "texture": "#4"},
				"up": {"uv": [0, 0, 0.75, 1], "texture": "#4"},
				"down": {"uv": [0, 0, 0.75, 1], "texture": "#4"}
			}
		},
		{
			"from": [8.25, -7.475, 8],
			"to": [9, -7.425, 9],
			"faces": {
				"north": {"uv": [0, 0, 0.75, 0.05], "texture": "#4"},
				"east": {"uv": [0, 0, 1, 0.05], "texture": "#4"},
				"south": {"uv": [0, 0, 0.75, 0.05], "texture": "#4"},
				"west": {"uv": [0, 0, 1, 0.05], "texture": "#4"},
				"up": {"uv": [0, 0, 0.75, 1], "texture": "#4"},
				"down": {"uv": [0, 0, 0.75, 1], "texture": "#4"}
			}
		},
		{
			"from": [8.25, -7.375, 8],
			"to": [9, -7.325, 9],
			"faces": {
				"north": {"uv": [0, 0, 0.75, 0.05], "texture": "#4"},
				"east": {"uv": [0, 0, 1, 0.05], "texture": "#4"},
				"south": {"uv": [0, 0, 0.75, 0.05], "texture": "#4"},
				"west": {"uv": [0, 0, 1, 0.05], "texture": "#4"},
				"up": {"uv": [0, 0, 0.75, 1], "texture": "#4"},
				"down": {"uv": [0, 0, 0.75, 1], "texture": "#4"}
			}
		},
		{
			"from": [8.25, -7.275, 8],
			"to": [9, -7.225, 9],
			"faces": {
				"north": {"uv": [0, 0, 0.75, 0.05], "texture": "#4"},
				"east": {"uv": [0, 0, 1, 0.05], "texture": "#4"},
				"south": {"uv": [0, 0, 0.75, 0.05], "texture": "#4"},
				"west": {"uv": [0, 0, 1, 0.05], "texture": "#4"},
				"up": {"uv": [0, 0, 0.75, 1], "texture": "#4"},
				"down": {"uv": [0, 0, 0.75, 1], "texture": "#4"}
			}
		},
		{
			"from": [8.25, -7.175, 8],
			"to": [9, -7.125, 9],
			"faces": {
				"north": {"uv": [0, 0, 0.75, 0.05], "texture": "#4"},
				"east": {"uv": [0, 0, 1, 0.05], "texture": "#4"},
				"south": {"uv": [0, 0, 0.75, 0.05], "texture": "#4"},
				"west": {"uv": [0, 0, 1, 0.05], "texture": "#4"},
				"up": {"uv": [0, 0, 0.75, 1], "texture": "#4"},
				"down": {"uv": [0, 0, 0.75, 1], "texture": "#4"}
			}
		},
		{
			"from": [8.25, -7.075, 8],
			"to": [9, -7.025, 9],
			"faces": {
				"north": {"uv": [0, 0, 0.75, 0.05], "texture": "#4"},
				"east": {"uv": [0, 0, 1, 0.05], "texture": "#4"},
				"south": {"uv": [0, 0, 0.75, 0.05], "texture": "#4"},
				"west": {"uv": [0, 0, 1, 0.05], "texture": "#4"},
				"up": {"uv": [0, 0, 0.75, 1], "texture": "#4"},
				"down": {"uv": [0, 0, 0.75, 1], "texture": "#4"}
			}
		},
		{
			"from": [8, -3, 5.5],
			"to": [9, -2.5, 11.5],
			"faces": {
				"north": {"uv": [0, 0, 1, 0.5], "texture": "#4"},
				"east": {"uv": [0, 0, 6, 0.5], "texture": "#4"},
				"south": {"uv": [0, 0, 1, 0.5], "texture": "#4"},
				"west": {"uv": [0, 0, 6, 0.5], "texture": "#4"},
				"up": {"uv": [0, 0, 1, 6], "texture": "#4"},
				"down": {"uv": [0, 0, 1, 6], "texture": "#4"}
			}
		},
		{
			"from": [8.175, -2.5, 6],
			"to": [8.825, -2.4, 11.3],
			"faces": {
				"north": {"uv": [0, 0, 0.65, 0.1], "texture": "#3"},
				"east": {"uv": [0, 0, 5.3, 0.1], "texture": "#3"},
				"south": {"uv": [0, 0, 0.65, 0.1], "texture": "#3"},
				"west": {"uv": [0, 0, 5.3, 0.1], "texture": "#3"},
				"up": {"uv": [0, 0, 0.65, 5.3], "texture": "#3"},
				"down": {"uv": [0, 0, 0.65, 5.3], "texture": "#3"}
			}
		},
		{
			"from": [8.2, -4.52688, 9.66525],
			"to": [8.8, 1.97312, 9.76525],
			"rotation": {"angle": -45, "axis": "x", "origin": [8.75, -2.21438, 7.71525]},
			"faces": {
				"north": {"uv": [0, 0, 0.6, 6.5], "rotation": 180, "texture": "#3"},
				"east": {"uv": [0, 0, 6.5, 0.1], "rotation": 90, "texture": "#3"},
				"south": {"uv": [0, 0, 0.6, 6.5], "texture": "#3"},
				"west": {"uv": [0, 0, 6.5, 0.1], "rotation": 270, "texture": "#3"},
				"up": {"uv": [0, 0, 0.6, 0.1], "texture": "#3"},
				"down": {"uv": [0, 0, 0.6, 0.1], "rotation": 180, "texture": "#3"}
			}
		},
		{
			"from": [8.2, -4.35188, 9.41525],
			"to": [8.8, 1.74812, 9.51525],
			"rotation": {"angle": -45, "axis": "x", "origin": [8.75, -2.21438, 7.71525]},
			"faces": {
				"north": {"uv": [0, 0, 0.6, 6.1], "rotation": 180, "texture": "#1"},
				"east": {"uv": [0, 0, 6.1, 0.1], "rotation": 90, "texture": "#1"},
				"south": {"uv": [0, 0, 0.6, 6.1], "texture": "#1"},
				"west": {"uv": [0, 0, 6.1, 0.1], "rotation": 270, "texture": "#1"},
				"up": {"uv": [0, 0, 0.6, 0.1], "texture": "#1"},
				"down": {"uv": [0, 0, 0.6, 0.1], "rotation": 180, "texture": "#1"}
			}
		},
		{
			"from": [8.2, -4.35188, 9.16525],
			"to": [8.8, 1.49812, 9.26525],
			"rotation": {"angle": -45, "axis": "x", "origin": [8.75, -2.21438, 7.71525]},
			"faces": {
				"north": {"uv": [0, 0, 0.6, 5.85], "rotation": 180, "texture": "#2"},
				"east": {"uv": [0, 0, 5.85, 0.1], "rotation": 90, "texture": "#2"},
				"south": {"uv": [0, 0, 0.6, 5.85], "texture": "#2"},
				"west": {"uv": [0, 0, 5.85, 0.1], "rotation": 270, "texture": "#2"},
				"up": {"uv": [0, 0, 0.6, 0.1], "texture": "#2"},
				"down": {"uv": [0, 0, 0.6, 0.1], "rotation": 180, "texture": "#2"}
			}
		},
		{
			"from": [8.2, -4.35188, 8.91525],
			"to": [8.8, 1.27312, 9.01525],
			"rotation": {"angle": -45, "axis": "x", "origin": [8.75, -2.21438, 7.71525]},
			"faces": {
				"north": {"uv": [0, 0, 0.6, 5.625], "rotation": 180, "texture": "#3"},
				"east": {"uv": [0, 0, 5.625, 0.1], "rotation": 90, "texture": "#3"},
				"south": {"uv": [0, 0, 0.6, 5.625], "texture": "#3"},
				"west": {"uv": [0, 0, 5.625, 0.1], "rotation": 270, "texture": "#3"},
				"up": {"uv": [0, 0, 0.6, 0.1], "texture": "#3"},
				"down": {"uv": [0, 0, 0.6, 0.1], "rotation": 180, "texture": "#3"}
			}
		},
		{
			"from": [8.2, -4.22688, 8.66525],
			"to": [8.8, 1.04812, 8.76525],
			"rotation": {"angle": -45, "axis": "x", "origin": [8.75, -2.21438, 7.71525]},
			"faces": {
				"north": {"uv": [0, 0, 0.6, 5.275], "rotation": 180, "texture": "#1"},
				"east": {"uv": [0, 0, 5.275, 0.1], "rotation": 90, "texture": "#1"},
				"south": {"uv": [0, 0, 0.6, 5.275], "texture": "#1"},
				"west": {"uv": [0, 0, 5.275, 0.1], "rotation": 270, "texture": "#1"},
				"up": {"uv": [0, 0, 0.6, 0.1], "texture": "#1"},
				"down": {"uv": [0, 0, 0.6, 0.1], "rotation": 180, "texture": "#1"}
			}
		},
		{
			"from": [8.2, -3.82688, 8.41525],
			"to": [8.8, 0.79812, 8.51525],
			"rotation": {"angle": -45, "axis": "x", "origin": [8.75, -2.21438, 7.71525]},
			"faces": {
				"north": {"uv": [0, 0, 0.6, 4.625], "rotation": 180, "texture": "#2"},
				"east": {"uv": [0, 0, 4.625, 0.1], "rotation": 90, "texture": "#2"},
				"south": {"uv": [0, 0, 0.6, 4.625], "texture": "#2"},
				"west": {"uv": [0, 0, 4.625, 0.1], "rotation": 270, "texture": "#2"},
				"up": {"uv": [0, 0, 0.6, 0.1], "texture": "#2"},
				"down": {"uv": [0, 0, 0.6, 0.1], "rotation": 180, "texture": "#2"}
			}
		},
		{
			"from": [8.2, -3.60188, 8.16525],
			"to": [8.8, 0.57312, 8.26525],
			"rotation": {"angle": -45, "axis": "x", "origin": [8.75, -2.21438, 7.71525]},
			"faces": {
				"north": {"uv": [0, 0, 0.6, 4.175], "rotation": 180, "texture": "#3"},
				"east": {"uv": [0, 0, 4.175, 0.1], "rotation": 90, "texture": "#3"},
				"south": {"uv": [0, 0, 0.6, 4.175], "texture": "#3"},
				"west": {"uv": [0, 0, 4.175, 0.1], "rotation": 270, "texture": "#3"},
				"up": {"uv": [0, 0, 0.6, 0.1], "texture": "#3"},
				"down": {"uv": [0, 0, 0.6, 0.1], "rotation": 180, "texture": "#3"}
			}
		},
		{
			"from": [8.2, -3.32688, 7.91525],
			"to": [8.8, 0.37312, 8.01525],
			"rotation": {"angle": -45, "axis": "x", "origin": [8.75, -2.21438, 7.71525]},
			"faces": {
				"north": {"uv": [0, 0, 0.6, 3.7], "rotation": 180, "texture": "#1"},
				"east": {"uv": [0, 0, 3.7, 0.1], "rotation": 90, "texture": "#1"},
				"south": {"uv": [0, 0, 0.6, 3.7], "texture": "#1"},
				"west": {"uv": [0, 0, 3.7, 0.1], "rotation": 270, "texture": "#1"},
				"up": {"uv": [0, 0, 0.6, 0.1], "texture": "#1"},
				"down": {"uv": [0, 0, 0.6, 0.1], "rotation": 180, "texture": "#1"}
			}
		},
		{
			"from": [8.2, -3.20188, 7.66525],
			"to": [8.8, 0.12312, 7.76525],
			"rotation": {"angle": -45, "axis": "x", "origin": [8.75, -2.21438, 7.71525]},
			"faces": {
				"north": {"uv": [0, 0, 0.6, 3.325], "rotation": 180, "texture": "#2"},
				"east": {"uv": [0, 0, 3.325, 0.1], "rotation": 90, "texture": "#2"},
				"south": {"uv": [0, 0, 0.6, 3.325], "texture": "#2"},
				"west": {"uv": [0, 0, 3.325, 0.1], "rotation": 270, "texture": "#2"},
				"up": {"uv": [0, 0, 0.6, 0.1], "texture": "#2"},
				"down": {"uv": [0, 0, 0.6, 0.1], "rotation": 180, "texture": "#2"}
			}
		},
		{
			"from": [8.2, -2.97688, 7.41525],
			"to": [8.8, -0.12688, 7.51525],
			"rotation": {"angle": -45, "axis": "x", "origin": [8.75, -2.21438, 7.71525]},
			"faces": {
				"north": {"uv": [0, 0, 0.6, 2.85], "rotation": 180, "texture": "#3"},
				"east": {"uv": [0, 0, 2.85, 0.1], "rotation": 90, "texture": "#3"},
				"south": {"uv": [0, 0, 0.6, 2.85], "texture": "#3"},
				"west": {"uv": [0, 0, 2.85, 0.1], "rotation": 270, "texture": "#3"},
				"up": {"uv": [0, 0, 0.6, 0.1], "texture": "#3"},
				"down": {"uv": [0, 0, 0.6, 0.1], "rotation": 180, "texture": "#3"}
			}
		},
		{
			"from": [8.2, -2.72688, 7.16525],
			"to": [8.8, -0.32688, 7.26525],
			"rotation": {"angle": -45, "axis": "x", "origin": [8.75, -2.21438, 7.71525]},
			"faces": {
				"north": {"uv": [0, 0, 0.6, 2.4], "rotation": 180, "texture": "#1"},
				"east": {"uv": [0, 0, 2.4, 0.1], "rotation": 90, "texture": "#1"},
				"south": {"uv": [0, 0, 0.6, 2.4], "texture": "#1"},
				"west": {"uv": [0, 0, 2.4, 0.1], "rotation": 270, "texture": "#1"},
				"up": {"uv": [0, 0, 0.6, 0.1], "texture": "#1"},
				"down": {"uv": [0, 0, 0.6, 0.1], "rotation": 180, "texture": "#1"}
			}
		},
		{
			"from": [8.2, -2.50188, 6.91525],
			"to": [8.8, -0.52688, 7.01525],
			"rotation": {"angle": -45, "axis": "x", "origin": [8.75, -2.21438, 7.71525]},
			"faces": {
				"north": {"uv": [0, 0, 0.6, 1.975], "rotation": 180, "texture": "#2"},
				"east": {"uv": [0, 0, 1.975, 0.1], "rotation": 90, "texture": "#2"},
				"south": {"uv": [0, 0, 0.6, 1.975], "texture": "#2"},
				"west": {"uv": [0, 0, 1.975, 0.1], "rotation": 270, "texture": "#2"},
				"up": {"uv": [0, 0, 0.6, 0.1], "texture": "#2"},
				"down": {"uv": [0, 0, 0.6, 0.1], "rotation": 180, "texture": "#2"}
			}
		},
		{
			"from": [8.2, -2.20188, 6.66525],
			"to": [8.8, -0.77688, 6.76525],
			"rotation": {"angle": -45, "axis": "x", "origin": [8.75, -2.21438, 7.71525]},
			"faces": {
				"north": {"uv": [0, 0, 0.6, 1.425], "rotation": 180, "texture": "#3"},
				"east": {"uv": [0, 0, 1.425, 0.1], "rotation": 90, "texture": "#3"},
				"south": {"uv": [0, 0, 0.6, 1.425], "texture": "#3"},
				"west": {"uv": [0, 0, 1.425, 0.1], "rotation": 270, "texture": "#3"},
				"up": {"uv": [0, 0, 0.6, 0.1], "texture": "#3"},
				"down": {"uv": [0, 0, 0.6, 0.1], "rotation": 180, "texture": "#3"}
			}
		}
	],
	"display": {
		"thirdperson_righthand": {
			"rotation": [17, -180, 0],
			"translation": [0, 10.75, 6.25]
		},
		"thirdperson_lefthand": {
			"rotation": [16, -180, 0],
			"translation": [0, 11.75, 5.75]
		},
		"firstperson_righthand": {
			"rotation": [-10, -162, 0],
			"translation": [1.5, 9.5, 0.75],
			"scale": [0.78, 0.78, 0.78]
		},
		"firstperson_lefthand": {
			"rotation": [-5, -170, 0],
			"translation": [3, 7.75, 0],
			"scale": [0.7, 0.7, 0.7]
		},
		"ground": {
			"rotation": [33, 0, 0],
			"translation": [0, 9, 0]
		},
		"gui": {
			"rotation": [86.89, 43.18, -87.91],
			"translation": [1, 1.5, 0],
			"scale": [0.68164, 0.68164, 0.68164]
		},
		"fixed": {
			"rotation": [0, 90, 0],
			"translation": [0, 2.25, -0.5],
			"scale": [0.90039, 0.90039, 0.90039]
		}
	},
	"groups": [
		{
			"name": "group",
			"origin": [0, 0, 0],
			"color": 0,
			"nbt": "{}",
			"armAnimationEnabled": false,
			"children": [
				{
					"name": "group",
					"origin": [0, 0, 0],
					"color": 0,
					"nbt": "{}",
					"armAnimationEnabled": false,
					"children": [0, 1, 2, 3, 4, 5, 6, 7, 8, 9, 10]
				},
				{
					"name": "group",
					"origin": [0, 0, 0],
					"color": 0,
					"nbt": "{}",
					"armAnimationEnabled": false,
					"children": [11, 12, 13, 14, 15, 16, 17, 18, 19, 20, 21, 22, 23, 24, 25, 26, 27, 28, 29, 30, 31, 32]
				}
			]
		}
	]
}