{
	"credit": "Made with Blockbench",
	"textures": {
		"0": "block/oak_planks",
		"1": "block/birch_planks",
		"2": "block/iron_block",
		"particle": "block/oak_planks"
	},
	"elements": [
		{
			"from": [8, 1, 8],
			"to": [9, 5, 9],
			"faces": {
				"north": {"uv": [0, 0, 14, 10], "texture": "#0"},
				"east": {"uv": [0, 0, 1, 4], "texture": "#0"},
				"south": {"uv": [0, 0, 1, 4], "texture": "#0"},
				"west": {"uv": [0, 0, 1, 4], "texture": "#0"},
				"up": {"uv": [0, 0, 1, 1], "texture": "#0"},
				"down": {"uv": [0, 0, 1, 1], "texture": "#0"}
			}
		},
		{
			"from": [8, 0.75, 8.75],
			"to": [9, 1.5, 10],
			"faces": {
				"north": {"uv": [0, 0, 14, 6.75], "texture": "#0"},
				"east": {"uv": [0, 0, 1.25, 0.75], "texture": "#0"},
				"south": {"uv": [0, 0, 1, 0.75], "texture": "#0"},
				"west": {"uv": [0, 0, 1.25, 0.75], "texture": "#0"},
				"up": {"uv": [0, 0, 1, 1.25], "texture": "#0"},
				"down": {"uv": [0, 0, 1, 1.25], "texture": "#0"}
			}
		},
		{
			"from": [8, -9.41942, 8.8453],
			"to": [9, -8.66942, 10.0953],
			"rotation": {"angle": -45, "axis": "x", "origin": [0, -2.91942, -2.9047]},
			"faces": {
				"north": {"uv": [0, 0, 14, 6.75], "texture": "#0"},
				"east": {"uv": [0, 0, 1.25, 0.75], "texture": "#0"},
				"south": {"uv": [0, 0, 1, 0.75], "texture": "#0"},
				"west": {"uv": [0, 0, 1.25, 0.75], "texture": "#0"},
				"up": {"uv": [0, 0, 1, 1.25], "texture": "#0"},
				"down": {"uv": [0, 0, 1, 1.25], "texture": "#0"}
			}
		},
		{
			"from": [8, 6.58058, 7.3453],
			"to": [9, 7.83058, 8.0953],
			"rotation": {"angle": 22.5, "axis": "x", "origin": [0, -2.91942, -2.9047]},
			"faces": {
				"north": {"uv": [0, 0, 14, 7.25], "rotation": 180, "texture": "#0"},
				"east": {"uv": [0, 0, 1.25, 0.75], "rotation": 90, "texture": "#0"},
				"south": {"uv": [0, 0, 1, 1.25], "texture": "#0"},
				"west": {"uv": [0, 0, 1.25, 0.75], "rotation": 270, "texture": "#0"},
				"up": {"uv": [0, 0, 1, 0.75], "texture": "#0"},
				"down": {"uv": [0, 0, 1, 0.75], "rotation": 180, "texture": "#0"}
			}
		},
		{
			"from": [8, -8.56942, 7.9203],
			"to": [9, -7.66942, 8.6703],
			"rotation": {"angle": -45, "axis": "x", "origin": [0, -2.91942, -2.9047]},
			"faces": {
				"north": {"uv": [0, 0, 14, 6.9], "rotation": 180, "texture": "#0"},
				"east": {"uv": [0, 0, 0.9, 0.75], "rotation": 90, "texture": "#0"},
				"south": {"uv": [0, 0, 1, 0.9], "texture": "#0"},
				"west": {"uv": [0, 0, 0.9, 0.75], "rotation": 270, "texture": "#0"},
				"up": {"uv": [0, 0, 1, 0.75], "texture": "#0"},
				"down": {"uv": [0, 0, 1, 0.75], "rotation": 180, "texture": "#0"}
			}
		},
		{
			"from": [8.25, 4, 7.5],
			"to": [8.75, 9, 9],
			"faces": {
				"north": {"uv": [0, 0, 13.5, 11], "texture": "#0"},
				"east": {"uv": [0, 0, 1.5, 5], "texture": "#0"},
				"south": {"uv": [0, 0, 0.5, 5], "texture": "#0"},
				"west": {"uv": [0, 0, 1.5, 5], "texture": "#0"},
				"up": {"uv": [0, 0, 0.5, 1.5], "texture": "#0"},
				"down": {"uv": [0, 0, 0.5, 1.5], "texture": "#0"}
			}
		},
		{
			"from": [8, 8, 7.5],
			"to": [9, 13, 8.5],
			"faces": {
				"north": {"uv": [0, 0, 14, 11], "texture": "#0"},
				"east": {"uv": [0, 0, 1, 5], "texture": "#0"},
				"south": {"uv": [0, 0, 1, 5], "texture": "#0"},
				"west": {"uv": [0, 0, 1, 5], "texture": "#0"},
				"up": {"uv": [0, 0, 1, 1], "texture": "#0"},
				"down": {"uv": [0, 0, 1, 1], "texture": "#0"}
			}
		},
		{
			"from": [7.75, 8, 7.75],
			"to": [9.25, 13, 8.25],
			"faces": {
				"north": {"uv": [0, 0, 14.5, 11], "texture": "#0"},
				"east": {"uv": [0, 0, 0.5, 5], "texture": "#0"},
				"south": {"uv": [0, 0, 1.5, 5], "texture": "#0"},
				"west": {"uv": [0, 0, 0.5, 5], "texture": "#0"},
				"up": {"uv": [0, 0, 1.5, 0.5], "texture": "#0"},
				"down": {"uv": [0, 0, 1.5, 0.5], "texture": "#0"}
			}
		},
		{
			"from": [8.25, 8, 7.25],
			"to": [8.75, 13, 8.75],
			"faces": {
				"north": {"uv": [0, 0, 13.5, 11], "texture": "#0"},
				"east": {"uv": [0, 0, 1.5, 5], "texture": "#0"},
				"south": {"uv": [0, 0, 0.5, 5], "texture": "#0"},
				"west": {"uv": [0, 0, 1.5, 5], "texture": "#0"},
				"up": {"uv": [0, 0, 0.5, 1.5], "texture": "#0"},
				"down": {"uv": [0, 0, 0.5, 1.5], "texture": "#0"}
			}
		},
		{
			"from": [7.75, 12, 8],
			"to": [9.25, 17, 8.5],
			"faces": {
				"north": {"uv": [0, 0, 14.5, 11], "texture": "#0"},
				"east": {"uv": [0, 0, 0.5, 5], "texture": "#0"},
				"south": {"uv": [0, 0, 1.5, 5], "texture": "#0"},
				"west": {"uv": [0, 0, 0.5, 5], "texture": "#0"},
				"up": {"uv": [0, 0, 1.5, 0.5], "texture": "#0"},
				"down": {"uv": [0, 0, 1.5, 0.5], "texture": "#0"}
			}
		},
		{
			"from": [8.25, 15.75, 7.75],
			"to": [8.75, 21, 9.25],
			"faces": {
				"north": {"uv": [0, 0, 13.5, 11.25], "texture": "#0"},
				"east": {"uv": [0, 0, 1.5, 5.25], "texture": "#0"},
				"south": {"uv": [0, 0, 0.5, 5.25], "texture": "#0"},
				"west": {"uv": [0, 0, 1.5, 5.25], "texture": "#0"},
				"up": {"uv": [0, 0, 0.5, 1.5], "texture": "#0"},
				"down": {"uv": [0, 0, 0.5, 1.5], "texture": "#0"}
			}
		},
		{
			"from": [8, 15.75, 8],
			"to": [9, 20.75, 9],
			"faces": {
				"north": {"uv": [0, 0, 14, 11], "texture": "#0"},
				"east": {"uv": [0, 0, 1, 5], "texture": "#0"},
				"south": {"uv": [0, 0, 1, 5], "texture": "#0"},
				"west": {"uv": [0, 0, 1, 5], "texture": "#0"},
				"up": {"uv": [0, 0, 1, 1], "texture": "#0"},
				"down": {"uv": [0, 0, 1, 1], "texture": "#0"}
			}
		},
		{
			"from": [7.75, 15.75, 8.25],
			"to": [9.25, 20.75, 8.75],
			"faces": {
				"north": {"uv": [0, 0, 14.5, 11], "texture": "#0"},
				"east": {"uv": [0, 0, 0.5, 5], "texture": "#0"},
				"south": {"uv": [0, 0, 1.5, 5], "texture": "#0"},
				"west": {"uv": [0, 0, 0.5, 5], "texture": "#0"},
				"up": {"uv": [0, 0, 1.5, 0.5], "texture": "#0"},
				"down": {"uv": [0, 0, 1.5, 0.5], "texture": "#0"}
			}
		},
		{
			"from": [8, 12, 7.75],
			"to": [9, 17, 8.75],
			"faces": {
				"north": {"uv": [0, 0, 14, 11], "texture": "#0"},
				"east": {"uv": [0, 0, 1, 5], "texture": "#0"},
				"south": {"uv": [0, 0, 1, 5], "texture": "#0"},
				"west": {"uv": [0, 0, 1, 5], "texture": "#0"},
				"up": {"uv": [0, 0, 1, 1], "texture": "#0"},
				"down": {"uv": [0, 0, 1, 1], "texture": "#0"}
			}
		},
		{
			"from": [8.25, 12, 7.5],
			"to": [8.75, 17, 9],
			"faces": {
				"north": {"uv": [0, 0, 13.5, 11], "texture": "#0"},
				"east": {"uv": [0, 0, 1.5, 5], "texture": "#0"},
				"south": {"uv": [0, 0, 0.5, 5], "texture": "#0"},
				"west": {"uv": [0, 0, 1.5, 5], "texture": "#0"},
				"up": {"uv": [0, 0, 0.5, 1.5], "texture": "#0"},
				"down": {"uv": [0, 0, 0.5, 1.5], "texture": "#0"}
			}
		},
		{
			"from": [7.75, 4, 8],
			"to": [9.25, 9, 8.5],
			"faces": {
				"north": {"uv": [0, 0, 14.5, 11], "texture": "#0"},
				"east": {"uv": [0, 0, 0.5, 5], "texture": "#0"},
				"south": {"uv": [0, 0, 1.5, 5], "texture": "#0"},
				"west": {"uv": [0, 0, 0.5, 5], "texture": "#0"},
				"up": {"uv": [0, 0, 1.5, 0.5], "texture": "#0"},
				"down": {"uv": [0, 0, 1.5, 0.5], "texture": "#0"}
			}
		},
		{
			"from": [8, 4, 7.75],
			"to": [9, 9, 8.75],
			"faces": {
				"north": {"uv": [0, 0, 14, 11], "texture": "#0"},
				"east": {"uv": [0, 0, 1, 5], "texture": "#0"},
				"south": {"uv": [0, 0, 1, 5], "texture": "#0"},
				"west": {"uv": [0, 0, 1, 5], "texture": "#0"},
				"up": {"uv": [0, 0, 1, 1], "texture": "#0"},
				"down": {"uv": [0, 0, 1, 1], "texture": "#0"}
			}
		},
		{
			"from": [7.75, 1.5, 8.25],
			"to": [9.25, 5, 8.75],
			"faces": {
				"north": {"uv": [0, 0, 14.5, 9.5], "texture": "#0"},
				"east": {"uv": [0, 0, 0.5, 3.5], "texture": "#0"},
				"south": {"uv": [0, 0, 1.5, 3.5], "texture": "#0"},
				"west": {"uv": [0, 0, 0.5, 3.5], "texture": "#0"},
				"up": {"uv": [0, 0, 1.5, 0.5], "texture": "#0"},
				"down": {"uv": [0, 0, 1.5, 0.5], "texture": "#0"}
			}
		},
		{
			"from": [8.25, 1.5, 7.75],
			"to": [8.75, 5, 9.25],
			"faces": {
				"north": {"uv": [0, 0, 13.5, 9.5], "texture": "#0"},
				"east": {"uv": [0, 0, 1.5, 3.5], "texture": "#0"},
				"south": {"uv": [0, 0, 0.5, 3.5], "texture": "#0"},
				"west": {"uv": [0, 0, 1.5, 3.5], "texture": "#0"},
				"up": {"uv": [0, 0, 0.5, 1.5], "texture": "#0"},
				"down": {"uv": [0, 0, 0.5, 1.5], "texture": "#0"}
			}
		},
		{
			"from": [7.25, 16.4, 17.8],
			"to": [9.75, 21.4, 18.8],
			"rotation": {"angle": -22.5, "axis": "x", "origin": [0, 0, 0]},
			"faces": {
				"north": {"uv": [0, 0, 2.5, 5], "texture": "#1"},
				"east": {"uv": [0, 0, 1, 5], "texture": "#1"},
				"south": {"uv": [0, 0, 2.5, 5], "texture": "#1"},
				"west": {"uv": [0, 0, 1, 5], "texture": "#1"},
				"up": {"uv": [0, 0, 2.5, 1], "texture": "#1"},
				"down": {"uv": [0, 0, 2.5, 1], "texture": "#1"}
			}
		},
		{
			"from": [7.25, 9.4, 23.2],
			"to": [9.75, 14.4, 24.2],
			"rotation": {"angle": -45, "axis": "x", "origin": [0, 0, 0]},
			"faces": {
				"north": {"uv": [0, 0, 2.5, 5], "texture": "#1"},
				"east": {"uv": [0, 0, 1, 5], "texture": "#1"},
				"south": {"uv": [0, 0, 2.5, 5], "texture": "#1"},
				"west": {"uv": [0, 0, 1, 5], "texture": "#1"},
				"up": {"uv": [0, 0, 2.5, 1], "texture": "#1"},
				"down": {"uv": [0, 0, 2.5, 1], "texture": "#1"}
			}
		},
		{
			"from": [7.25, 25.2, -5.225],
			"to": [9.75, 26.2, -0.225],
			"rotation": {"angle": 22.5, "axis": "x", "origin": [0, 0, 0]},
			"faces": {
				"north": {"uv": [0, 0, 2.5, 1], "rotation": 180, "texture": "#1"},
				"east": {"uv": [0, 0, 1, 5], "rotation": 90, "texture": "#1"},
				"south": {"uv": [0, 0, 2.5, 1], "texture": "#1"},
				"west": {"uv": [0, 0, 1, 5], "rotation": 270, "texture": "#1"},
				"up": {"uv": [0, 0, 2.5, 5], "texture": "#1"},
				"down": {"uv": [0, 0, 2.5, 5], "rotation": 180, "texture": "#1"}
			}
		},
		{
			"from": [8, 24.2, -7.225],
			"to": [9, 25.2, -0.225],
			"rotation": {"angle": 22.5, "axis": "x", "origin": [0, 0, 0]},
			"faces": {
				"north": {"uv": [0, 0, 1, 1], "rotation": 180, "texture": "#2"},
				"east": {"uv": [0, 0, 1, 7], "rotation": 90, "texture": "#2"},
				"south": {"uv": [0, 0, 1, 1], "texture": "#2"},
				"west": {"uv": [0, 0, 1, 7], "rotation": 270, "texture": "#2"},
				"up": {"uv": [0, 0, 1, 7], "texture": "#2"},
				"down": {"uv": [0, 0, 1, 7], "rotation": 180, "texture": "#2"}
			}
		},
		{
			"from": [8, 22.2, -7.725],
			"to": [9, 24.2, -1.725],
			"rotation": {"angle": 22.5, "axis": "x", "origin": [0, 0, 0]},
			"faces": {
				"north": {"uv": [0, 0, 1, 2], "rotation": 180, "texture": "#2"},
				"east": {"uv": [0, 0, 2, 6], "rotation": 90, "texture": "#2"},
				"south": {"uv": [0, 0, 1, 2], "texture": "#2"},
				"west": {"uv": [0, 0, 2, 6], "rotation": 270, "texture": "#2"},
				"up": {"uv": [0, 0, 1, 6], "texture": "#2"},
				"down": {"uv": [0, 0, 1, 6], "rotation": 180, "texture": "#2"}
			}
		},
		{
			"from": [8, 22.2, -1.975],
			"to": [9, 23.7, 5.275],
			"faces": {
				"north": {"uv": [0, 0, 1, 1.5], "rotation": 180, "texture": "#2"},
				"east": {"uv": [0, 0, 1.5, 7.25], "rotation": 90, "texture": "#2"},
				"south": {"uv": [0, 0, 1, 1.5], "texture": "#2"},
				"west": {"uv": [0, 0, 1.5, 7.25], "rotation": 270, "texture": "#2"},
				"up": {"uv": [0, 0, 1, 7.25], "texture": "#2"},
				"down": {"uv": [0, 0, 1, 7.25], "rotation": 180, "texture": "#2"}
			}
		},
		{
			"from": [8, 21.7, 5.275],
			"to": [9, 22.7, 12.525],
			"rotation": {"angle": -22.5, "axis": "x", "origin": [0, 0, 0]},
			"faces": {
				"north": {"uv": [0, 0, 1, 1], "rotation": 180, "texture": "#2"},
				"east": {"uv": [0, 0, 1, 7.25], "rotation": 90, "texture": "#2"},
				"south": {"uv": [0, 0, 1, 1], "texture": "#2"},
				"west": {"uv": [0, 0, 1, 7.25], "rotation": 270, "texture": "#2"},
				"up": {"uv": [0, 0, 1, 7.25], "texture": "#2"},
				"down": {"uv": [0, 0, 1, 7.25], "rotation": 180, "texture": "#2"}
			}
		},
		{
			"from": [8, 20.275, -3.975],
			"to": [9, 22.975, -3.225],
			"faces": {
				"north": {"uv": [0, 0, 1, 2.7], "texture": "#2"},
				"east": {"uv": [0, 0, 0.75, 2.7], "texture": "#2"},
				"south": {"uv": [0, 0, 1, 2.7], "texture": "#2"},
				"west": {"uv": [0, 0, 0.75, 2.7], "texture": "#2"},
				"up": {"uv": [0, 0, 1, 0.75], "texture": "#2"},
				"down": {"uv": [0, 0, 1, 0.75], "texture": "#2"}
			}
		},
		{
			"from": [8, 19.95, 4.775],
			"to": [9, 21.95, 12.275],
			"rotation": {"angle": -22.5, "axis": "x", "origin": [0, 0, 0]},
			"faces": {
				"north": {"uv": [0, 0, 1, 2], "rotation": 180, "texture": "#2"},
				"east": {"uv": [0, 0, 2, 7.5], "rotation": 90, "texture": "#2"},
				"south": {"uv": [0, 0, 1, 2], "texture": "#2"},
				"west": {"uv": [0, 0, 2, 7.5], "rotation": 270, "texture": "#2"},
				"up": {"uv": [0, 0, 1, 7.5], "texture": "#2"},
				"down": {"uv": [0, 0, 1, 7.5], "rotation": 180, "texture": "#2"}
			}
		},
		{
			"from": [7.75, 20.75, 8],
			"to": [9.25, 21.75, 9],
			"faces": {
				"north": {"uv": [0, 0, 1.5, 1], "texture": "#1"},
				"east": {"uv": [0, 0, 1, 1], "texture": "#1"},
				"south": {"uv": [0, 0, 1.5, 1], "texture": "#1"},
				"west": {"uv": [0, 0, 1, 1], "texture": "#1"},
				"up": {"uv": [0, 0, 1.5, 1], "texture": "#1"},
				"down": {"uv": [0, 0, 1.5, 1], "texture": "#1"}
			}
		},
		{
			"from": [7.75, 22.75, 8],
			"to": [9.25, 23.75, 9],
			"faces": {
				"north": {"uv": [0, 0, 1.5, 1], "texture": "#1"},
				"east": {"uv": [0, 0, 1, 1], "texture": "#1"},
				"south": {"uv": [0, 0, 1.5, 1], "texture": "#1"},
				"west": {"uv": [0, 0, 1, 1], "texture": "#1"},
				"up": {"uv": [0, 0, 1.5, 1], "texture": "#1"},
				"down": {"uv": [0, 0, 1.5, 1], "texture": "#1"}
			}
		},
		{
			"from": [7.75, 21.75, 9],
			"to": [9.25, 22.75, 10],
			"faces": {
				"north": {"uv": [0, 0, 1.5, 1], "texture": "#1"},
				"east": {"uv": [0, 0, 1, 1], "texture": "#1"},
				"south": {"uv": [0, 0, 1.5, 1], "texture": "#1"},
				"west": {"uv": [0, 0, 1, 1], "texture": "#1"},
				"up": {"uv": [0, 0, 1.5, 1], "texture": "#1"},
				"down": {"uv": [0, 0, 1.5, 1], "texture": "#1"}
			}
		},
		{
			"from": [7.75, 21.75, 7],
			"to": [9.25, 22.75, 8],
			"faces": {
				"north": {"uv": [0, 0, 1.5, 1], "texture": "#1"},
				"east": {"uv": [0, 0, 1, 1], "texture": "#1"},
				"south": {"uv": [0, 0, 1.5, 1], "texture": "#1"},
				"west": {"uv": [0, 0, 1, 1], "texture": "#1"},
				"up": {"uv": [0, 0, 1.5, 1], "texture": "#1"},
				"down": {"uv": [0, 0, 1.5, 1], "texture": "#1"}
			}
		},
		{
			"from": [7.75, 21.025, -9.25],
			"to": [9.25, 22.45, -8.25],
			"rotation": {"angle": 45, "axis": "x", "origin": [0, 0, 0]},
			"faces": {
				"north": {"uv": [0, 0, 1.5, 1.425], "texture": "#1"},
				"east": {"uv": [0, 0, 1, 1.425], "texture": "#1"},
				"south": {"uv": [0, 0, 1.5, 1.425], "texture": "#1"},
				"west": {"uv": [0, 0, 1, 1.425], "texture": "#1"},
				"up": {"uv": [0, 0, 1.5, 1], "texture": "#1"},
				"down": {"uv": [0, 0, 1.5, 1], "texture": "#1"}
			}
		},
		{
			"from": [7.75, 9.025, 22.175],
			"to": [9.25, 10.45, 23.175],
			"rotation": {"angle": -45, "axis": "x", "origin": [0, 0, 0]},
			"faces": {
				"north": {"uv": [0, 0, 1.5, 1.425], "texture": "#1"},
				"east": {"uv": [0, 0, 1, 1.425], "texture": "#1"},
				"south": {"uv": [0, 0, 1.5, 1.425], "texture": "#1"},
				"west": {"uv": [0, 0, 1, 1.425], "texture": "#1"},
				"up": {"uv": [0, 0, 1.5, 1], "texture": "#1"},
				"down": {"uv": [0, 0, 1.5, 1], "texture": "#1"}
			}
		},
		{
			"from": [7.75, 9.025, 20.35],
			"to": [9.25, 10.45, 21.35],
			"rotation": {"angle": -45, "axis": "x", "origin": [0, 0, 0]},
			"faces": {
				"north": {"uv": [0, 0, 1.5, 1.425], "texture": "#1"},
				"east": {"uv": [0, 0, 1, 1.425], "texture": "#1"},
				"south": {"uv": [0, 0, 1.5, 1.425], "texture": "#1"},
				"west": {"uv": [0, 0, 1, 1.425], "texture": "#1"},
				"up": {"uv": [0, 0, 1.5, 1], "texture": "#1"},
				"down": {"uv": [0, 0, 1.5, 1], "texture": "#1"}
			}
		},
		{
			"from": [7.75, 21.025, -11.15],
			"to": [9.25, 22.45, -10.15],
			"rotation": {"angle": 45, "axis": "x", "origin": [0, 0, 0]},
			"faces": {
				"north": {"uv": [0, 0, 1.5, 1.425], "texture": "#1"},
				"east": {"uv": [0, 0, 1, 1.425], "texture": "#1"},
				"south": {"uv": [0, 0, 1.5, 1.425], "texture": "#1"},
				"west": {"uv": [0, 0, 1, 1.425], "texture": "#1"},
				"up": {"uv": [0, 0, 1.5, 1], "texture": "#1"},
				"down": {"uv": [0, 0, 1.5, 1], "texture": "#1"}
			}
		}
	],
	"display": {
		"thirdperson_righthand": {
			"translation": [0, -5.25, -0.5],
			"scale": [1.24, 1.24, 1.24]
		},
		"thirdperson_lefthand": {
			"translation": [0, -5.5, -0.5],
			"scale": [1.41, 1.41, 1.41]
		},
		"firstperson_righthand": {
			"translation": [1.25, -1, 0]
		},
		"firstperson_lefthand": {
			"translation": [3, -0.5, 0]
		},
		"ground": {
			"rotation": [-40, 43, 9]
		},
		"gui": {
			"rotation": [0, 90, 0],
			"translation": [0, -3.75, 0],
			"scale": [0.75, 0.75, 0.75]
		},
		"head": {
			"rotation": [-43, 0, 0],
			"translation": [0, 8.25, -9.75]
		},
		"fixed": {
			"rotation": [0, 90, 0],
			"translation": [2.25, -3.75, 0],
			"scale": [0.66, 0.66, 0.66]
		}
	},
	"groups": [
		{
			"name": "reka",
			"origin": [8, 8, 8],
			"color": 0,
			"children": [0, 1, 2, 3, 4, 5, 6, 7, 8, 9, 10, 11, 12, 13, 14, 15, 16, 17, 18]
		},
		{
			"name": "ostrze",
			"origin": [8, 8, 8],
			"color": 5,
			"children": []
		},
		19,
		20,
		21,
		22,
		23,
		24,
		25,
		26,
		27,
		28,
		29,
		30,
		31,
		32,
		33,
		34,
		35
	]
}