{
  "parent": "minecraft:item/handheld",
  "textures": {
    "layer0": "minecraft:item/wooden_sword"
  },
  "overrides": [
 {"predicate": {"custom_model_data":1}, "model": "item/sword/barbells"},
 {"predicate": {"custom_model_data":2}, "model": "item/sword/bayonet_blue"},
 {"predicate": {"custom_model_data":3}, "model": "item/sword/bayonet_green"},
 {"predicate": {"custom_model_data":4}, "model": "item/sword/bayonet_red"},
 {"predicate": {"custom_model_data":5}, "model": "item/sword/bayonet_yellow"},
 {"predicate": {"custom_model_data":6}, "model": "item/sword/big"},
 {"predicate": {"custom_model_data":7}, "model": "item/sword/broom"},
 {"predicate": {"custom_model_data":8}, "model": "item/sword/bus"},
 {"predicate": {"custom_model_data":9}, "model": "item/sword/cactus"},
 {"predicate": {"custom_model_data":10}, "model": "item/sword/carton"},
 {"predicate": {"custom_model_data":11}, "model": "item/sword/chips"},
 {"predicate": {"custom_model_data":12}, "model": "item/sword/demon_scythe"},
 {"predicate": {"custom_model_data":13}, "model": "item/sword/duck"},
 {"predicate": {"custom_model_data":14}, "model": "item/sword/elder_knife"},
 {"predicate": {"custom_model_data":15}, "model": "item/sword/fortnite"},
 {"predicate": {"custom_model_data":16}, "model": "item/sword/hammer"},
 {"predicate": {"custom_model_data":17}, "model": "item/sword/hammer_second"},
 {"predicate": {"custom_model_data":18}, "model": "item/sword/heart"},
 {"predicate": {"custom_model_data":19}, "model": "item/sword/karambit_blue"},
 {"predicate": {"custom_model_data":20}, "model": "item/sword/karambit_green"},
 {"predicate": {"custom_model_data":21}, "model": "item/sword/katana"},
 {"predicate": {"custom_model_data":22}, "model": "item/sword/katana_cyberpunk"},
 {"predicate": {"custom_model_data":23}, "model": "item/sword/katana_second"},
 {"predicate": {"custom_model_data":24}, "model": "item/sword/knuckle_duster"},
 {"predicate": {"custom_model_data":25}, "model": "item/sword/light"},
 {"predicate": {"custom_model_data":26}, "model": "item/sword/lucky"},
 {"predicate": {"custom_model_data":27}, "model": "item/sword/machete"},
 {"predicate": {"custom_model_data":28}, "model": "item/sword/magic"},
 {"predicate": {"custom_model_data":29}, "model": "item/sword/normal"},
 {"predicate": {"custom_model_data":30}, "model": "item/sword/pala"},
 {"predicate": {"custom_model_data":31}, "model": "item/sword/paper_cutter"},
 {"predicate": {"custom_model_data":32}, "model": "item/sword/samurai"},
 {"predicate": {"custom_model_data":33}, "model": "item/sword/scythe"},
 {"predicate": {"custom_model_data":34}, "model": "item/sword/shadow"},
 {"predicate": {"custom_model_data":35}, "model": "item/sword/skeleton"},
 {"predicate": {"custom_model_data":36}, "model": "item/sword/spoon"},
 {"predicate": {"custom_model_data":37}, "model": "item/sword/thanos"},
 {"predicate": {"custom_model_data":38}, "model": "item/sword/voxel_palette"}
 ]
}