{
	"credit": "Made with Blockbench",
	"textures": {
		"0": "stp/item_skin/miecze/iphone",
		"particle": "stp/item_skin/miecze/iphone"
	},
	"elements": [
		{
			"from": [1, 0, 0],
			"to": [1, 22, 11],
			"faces": {
				"north": {"uv": [0, 0, 1, 16], "texture": "#0"},
				"east": {"uv": [8.31475, 0, 13.84918, 15.39137], "texture": "#0"},
				"south": {"uv": [0, 0, 1, 16], "texture": "#0"},
				"west": {"uv": [2.0459, 0.02623, 7.65902, 15.56213], "texture": "#0"},
				"up": {"uv": [0, 0, 1, 11], "texture": "#0"},
				"down": {"uv": [0, 0, 1, 11], "texture": "#0"}
			}
		}
	],
	"display": {
		"thirdperson_righthand": {
			"translation": [5.25, 2, 0],
			"scale": [0.76, 0.76, 0.76]
		},
		"thirdperson_lefthand": {
			"translation": [-5.5, 2, 0],
			"scale": [0.76, 0.76, 0.76]
		},
		"firstperson_righthand": {
			"translation": [8.75, 0.25, 0],
			"scale": [0.7, 0.7, 0.7]
		},
		"firstperson_lefthand": {
			"rotation": [0, -180, 0],
			"translation": [9.25, 0.25, -4],
			"scale": [0.7, 0.7, 0.7]
		},
		"ground": {
			"translation": [7.5, 0, 3]
		},
		"gui": {
			"rotation": [-180, -90, -180],
			"translation": [-2, -2, 6.75],
			"scale": [0.76, 0.76, 0.76]
		},
		"fixed": {
			"rotation": [0, -90, 0],
			"translation": [-1, -2.5, 6.75]
		}
	}
}