{
	"credit": "Made with Blockbench",
	"textures": {
		"0": "stp/item_skin/miecze/lays",
		"particle": "stp/item_skin/miecze/lays"
	},
	"elements": [
		{
			"from": [8.8, 0, 5.4],
			"to": [8.9, 16.3, 20.5],
			"faces": {
				"north": {"uv": [0, 0, 0.1, 16], "texture": "#0"},
				"east": {"uv": [15.1, 0, 0, 16], "texture": "#0"},
				"south": {"uv": [0, 0, 0.1, 16], "texture": "#0"},
				"west": {"uv": [0, 0, 15.1, 16], "texture": "#0"},
				"up": {"uv": [0, 0, 0.1, 15.1], "texture": "#0"},
				"down": {"uv": [0, 0, 0.1, 15.1], "texture": "#0"}
			}
		}
	],
	"display": {
		"thirdperson_righthand": {
			"translation": [-0.75, 0.75, -3],
			"scale": [0.7, 0.7, 0.5]
		},
		"thirdperson_lefthand": {
			"translation": [0.5, 0.75, -3],
			"scale": [0.7, 0.7, 0.5]
		},
		"firstperson_righthand": {
			"translation": [0.75, 2.25, 0],
			"scale": [0.47, 0.47, 0.35]
		},
		"firstperson_lefthand": {
			"translation": [1.75, 2.25, 0],
			"scale": [0.47, 0.47, 0.35]
		},
		"gui": {
			"rotation": [0, 90, 0],
			"translation": [-5, 0, 0],
			"scale": [0.91, 0.9, 0.9]
		}
	}
}